timestamp,value,anomaly_score,label,S(t)_standard
2015-09-01 13:45:00,3.06,0,0,-0.11
2015-09-01 13:50:00,6.44,0,0,-0.11
2015-09-01 13:55:00,5.17,0,0,-0.11
2015-09-01 14:00:00,3.83,0,0,-0.11
2015-09-01 14:05:00,4.5,0,0,-0.11
2015-09-01 14:20:00,2.94,0,0,-0.11
2015-09-01 14:25:00,2.28,0,0,-0.11
2015-09-01 14:35:00,1.67,0,0,-0.11
2015-09-01 14:40:00,18.83,0,0,-0.11
2015-09-01 14:45:00,12.0,0,0,-0.11
2015-09-01 14:50:00,13.11,0,0,-0.11
2015-09-01 14:55:00,12.72,0,0,-0.11
2015-09-01 15:20:00,1.67,0,0,-0.11
2015-09-01 17:15:00,12.78,0,0,-0.11
2015-09-01 17:25:00,7.5,0,0,-0.11
2015-09-01 17:30:00,1.94,0,0,-0.11
2015-09-01 17:35:00,3.72,0,0,-0.11
2015-09-01 17:45:00,2.72,0,0,-0.11
2015-09-01 17:55:00,3.83,0,0,-0.11
2015-09-01 18:10:00,3.83,0,0,-0.11
2015-09-01 18:45:00,1.83,0,0,-0.11
2015-09-01 18:50:00,2.56,0,0,-0.11
2015-09-01 19:00:00,2.28,0,0,-0.11
2015-09-01 19:05:00,2.28,0,0,-0.11
2015-09-01 19:10:00,7.89,0,0,-0.11
2015-09-01 19:20:00,2.28,0,0,-0.11
2015-09-01 19:25:00,2.06,0,0,-0.11
2015-09-01 19:30:00,1.17,0,0,-0.11
2015-09-01 19:40:00,1.17,0,0,-0.11
2015-09-01 19:55:00,1.56,0,0,-0.11
2015-09-01 20:00:00,3.61,0,0,-0.11
2015-09-01 20:05:00,2.72,0,0,-0.11
2015-09-01 20:10:00,1.17,0,0,-0.11
2015-09-01 20:20:00,3.44,0,0,-0.11
2015-09-01 20:25:00,3.5,0,0,-0.11
2015-09-01 20:30:00,4.5,0,0,-0.11
2015-09-01 20:45:00,1.44,0,0,-0.11
2015-09-01 20:55:00,5.44,0,0,-0.11
2015-09-01 21:05:00,1.67,0,0,-0.11
2015-09-01 21:25:00,5.17,0,0,-0.11
2015-09-01 21:40:00,2.06,0,0,-0.11
2015-09-01 22:30:00,2.56,0,0,-0.11
2015-09-01 22:35:00,2.94,0,0,-0.11
2015-09-01 22:40:00,1.44,0,0,-0.11
2015-09-01 22:45:00,2.94,0,0,-0.11
2015-09-01 23:01:00,1.83,0,0,-0.11
2015-09-01 23:05:00,1.94,0,0,-0.11
2015-09-01 23:10:00,2.17,0,0,-0.11
2015-09-01 23:20:00,1.0,0,0,-0.11
2015-09-01 23:40:00,0.89,0,0,-0.11
2015-09-02 00:00:00,1.39,0,0,-0.11
2015-09-02 00:05:00,0.28,0,0,-0.11
2015-09-02 00:15:00,0.39,0,0,-0.11
2015-09-02 00:20:00,1.0,0,0,-0.11
2015-09-02 00:35:00,1.0,0,0,-0.11
2015-09-02 01:00:00,0.5,0,0,-0.11
2015-09-02 01:35:00,0.22,0,0,-0.11
2015-09-02 02:10:00,5.0,0,0,-0.11
2015-09-02 02:25:00,0.5,0,0,-0.11
2015-09-02 02:40:00,0.0,0,0,-0.11
2015-09-02 03:05:00,0.5,0,0,-0.11
2015-09-02 03:10:00,0.0,0,0,-0.11
2015-09-02 03:35:00,1.67,0,0,-0.11
2015-09-02 04:15:00,2.17,0,0,-0.11
2015-09-02 04:20:00,0.5,0,0,-0.11
2015-09-02 04:25:00,1.44,0,0,-0.11
2015-09-02 04:30:00,1.39,0,0,-0.11
2015-09-02 04:35:00,3.5,0,0,-0.11
2015-09-02 04:45:00,2.56,0,0,-0.11
2015-09-02 04:50:00,2.56,0,0,-0.11
2015-09-02 05:00:00,6.06,0,0,-0.11
2015-09-02 05:05:00,2.06,0,0,-0.11
2015-09-02 05:15:00,4.39,0,0,-0.11
2015-09-02 05:20:00,5.44,0,0,-0.11
2015-09-02 05:25:00,12.39,1,0,-0.11
2015-09-02 05:30:00,5.83,0,0,-0.11
2015-09-02 05:35:00,4.5,0,0,-0.11
2015-09-02 05:45:00,9.28,0,0,-0.11
2015-09-02 05:50:00,5.39,0,0,-0.11
2015-09-02 05:55:00,9.17,0,0,-0.11
2015-09-02 06:00:00,7.5,0,0,-0.11
2015-09-02 06:05:00,10.33,0,0,-0.11
2015-09-02 06:10:00,10.44,0,0,-0.11
2015-09-02 06:15:00,10.94,1,0,-0.11
2015-09-02 06:20:00,8.89,0,0,-0.11
2015-09-02 06:25:00,15.61,1,0,-0.11
2015-09-02 06:30:00,11.89,1,0,-0.11
2015-09-02 06:35:00,17.0,1,0,-0.11
2015-09-02 06:40:00,7.83,0,0,-0.11
2015-09-02 06:45:00,11.11,0,0,-0.11
2015-09-02 06:50:00,14.33,1,0,-0.11
2015-09-02 06:55:00,10.83,0,0,-0.11
2015-09-02 07:00:00,8.11,0,0,-0.11
2015-09-02 07:05:00,14.83,1,0,-0.11
2015-09-02 07:10:00,13.67,0,0,-0.11
2015-09-02 07:15:00,16.5,1,0,-0.11
2015-09-02 07:20:00,12.28,0,0,-0.11
2015-09-02 07:25:00,11.06,0,0,-0.11
2015-09-02 07:30:00,7.61,0,0,-0.11
2015-09-02 07:35:00,11.44,0,0,-0.11
2015-09-02 07:40:00,6.33,0,0,-0.11
2015-09-02 07:45:00,13.89,0,0,-0.11
2015-09-02 07:50:00,9.44,0,0,-0.11
2015-09-02 07:55:00,2.72,0,0,-0.11
2015-09-02 08:00:00,6.17,0,0,-0.11
2015-09-02 08:05:00,11.83,0,0,-0.11
2015-09-02 08:10:00,8.5,0,0,-0.11
2015-09-02 08:15:00,6.06,0,0,-0.11
2015-09-02 08:20:00,7.5,0,0,-0.11
2015-09-02 08:30:00,9.78,0,0,-0.11
2015-09-02 08:35:00,11.89,0,0,-0.11
2015-09-02 08:45:00,9.28,0,0,-0.11
2015-09-02 08:50:00,6.44,0,0,-0.11
2015-09-02 08:55:00,4.28,0,0,-0.11
2015-09-02 09:00:00,6.83,0,0,-0.11
2015-09-02 09:05:00,8.0,0,0,-0.11
2015-09-02 09:10:00,9.0,0,0,-0.11
2015-09-02 09:20:00,1.06,1,0,-0.11
2015-09-02 09:30:00,4.11,0,0,-0.11
2015-09-02 09:35:00,8.11,0,0,-0.11
2015-09-02 09:40:00,5.06,0,0,-0.11
2015-09-02 09:50:00,4.61,0,0,-0.11
2015-09-02 09:55:00,1.0,1,0,-0.11
2015-09-02 10:00:00,1.39,1,0,-0.11
2015-09-02 10:10:00,4.22,0,0,-0.11
2015-09-02 10:15:00,3.33,0,0,-0.11
2015-09-02 10:20:00,4.67,0,0,-0.11
2015-09-02 10:25:00,3.33,0,0,-0.11
2015-09-02 10:30:00,2.94,0,0,-0.11
2015-09-02 10:35:00,3.83,0,0,-0.11
2015-09-02 10:40:00,1.78,0,0,-0.11
2015-09-02 10:45:00,3.89,0,0,-0.11
2015-09-02 10:50:00,3.5,0,0,-0.11
2015-09-02 11:00:00,6.67,0,0,-0.11
2015-09-02 11:15:00,2.28,0,0,-0.11
2015-09-02 11:20:00,5.39,0,0,-0.11
2015-09-02 11:25:00,4.11,0,0,-0.11
2015-09-02 11:30:00,2.17,0,0,-0.11
2015-09-02 11:35:00,3.33,0,0,-0.11
2015-09-02 12:00:00,1.28,0,0,-0.11
2015-09-02 12:05:00,2.28,0,0,-0.11
2015-09-02 12:10:00,4.28,0,0,-0.11
2015-09-02 12:15:00,7.06,0,0,-0.11
2015-09-02 12:25:00,4.67,0,0,-0.11
2015-09-02 12:35:00,4.5,0,0,-0.11
2015-09-02 12:40:00,4.89,0,0,-0.11
2015-09-02 12:45:00,7.11,0,0,-0.11
2015-09-02 12:50:00,2.33,0,0,-0.11
2015-09-02 12:55:00,3.06,0,0,-0.11
2015-09-02 13:05:00,1.56,0,0,-0.11
2015-09-02 13:10:00,3.33,0,0,-0.11
2015-09-02 13:15:00,4.22,0,0,-0.11
2015-09-02 13:20:00,7.89,0,0,-0.11
2015-09-02 13:25:00,4.28,0,0,-0.11
2015-09-02 13:30:00,3.22,0,0,-0.11
2015-09-02 13:35:00,5.06,0,0,-0.11
2015-09-02 13:40:00,1.0,0,0,-0.11
2015-09-02 13:45:00,4.89,0,0,-0.11
2015-09-02 13:50:00,2.17,0,0,-0.11
2015-09-02 13:55:00,6.28,0,0,-0.11
2015-09-02 14:05:00,1.0,0,0,-0.11
2015-09-02 14:15:00,6.28,0,0,-0.11
2015-09-02 14:20:00,6.72,0,0,-0.11
2015-09-02 14:25:00,5.94,0,0,-0.11
2015-09-02 14:30:00,4.39,0,0,-0.11
2015-09-02 14:35:00,5.06,0,0,-0.11
2015-09-02 14:50:00,5.83,0,0,-0.11
2015-09-02 14:55:00,3.72,0,0,-0.11
2015-09-02 15:05:00,3.33,0,0,-0.11
2015-09-02 15:10:00,4.67,0,0,-0.11
2015-09-02 15:15:00,4.61,0,0,-0.11
2015-09-02 15:20:00,4.28,0,0,-0.11
2015-09-02 15:25:00,2.44,0,0,-0.11
2015-09-02 15:30:00,3.11,0,0,-0.11
2015-09-02 15:35:00,3.11,0,0,-0.11
2015-09-02 15:40:00,2.83,0,0,-0.11
2015-09-02 15:45:00,6.17,0,0,-0.11
2015-09-02 15:50:00,5.0,0,0,-0.11
2015-09-02 16:05:00,1.44,0,0,-0.11
2015-09-02 16:15:00,2.17,0,0,-0.11
2015-09-02 16:20:00,3.44,0,0,-0.11
2015-09-02 16:25:00,6.83,0,0,-0.11
2015-09-02 16:30:00,7.89,0,0,-0.11
2015-09-02 16:50:00,9.39,0,0,-0.11
2015-09-02 16:55:00,7.33,0,0,-0.11
2015-09-02 17:00:00,5.44,0,0,-0.11
2015-09-02 17:10:00,8.5,0,0,-0.11
2015-09-02 17:20:00,7.83,0,0,-0.11
2015-09-02 17:35:00,4.0,0,0,-0.11
2015-09-02 17:45:00,4.78,0,0,-0.11
2015-09-02 18:05:00,2.72,0,0,-0.11
2015-09-02 18:10:00,5.39,0,0,-0.11
2015-09-02 18:15:00,2.56,0,0,-0.11
2015-09-02 18:20:00,3.83,0,0,-0.11
2015-09-02 18:30:00,4.67,0,0,-0.11
2015-09-02 18:35:00,4.61,0,0,-0.11
2015-09-02 18:45:00,0.78,0,0,-0.11
2015-09-02 18:50:00,1.56,0,0,-0.11
2015-09-02 19:00:00,4.0,0,0,-0.11
2015-09-02 19:05:00,4.11,0,0,-0.11
2015-09-02 19:10:00,4.39,0,0,-0.11
2015-09-02 19:15:00,2.67,0,0,-0.11
2015-09-02 19:21:00,4.67,0,0,-0.11
2015-09-02 19:26:00,4.22,0,0,-0.11
2015-09-02 19:46:00,4.89,0,0,-0.11
2015-09-02 19:56:00,1.17,0,0,-0.11
2015-09-02 20:11:00,2.33,0,0,-0.11
2015-09-02 20:46:00,4.89,0,0,-0.11
2015-09-02 20:56:00,3.89,0,0,-0.11
2015-09-02 21:00:00,4.61,0,0,-0.11
2015-09-02 21:16:00,3.72,0,0,-0.11
2015-09-02 21:21:00,3.5,0,0,-0.11
2015-09-02 21:31:00,1.17,0,0,-0.11
2015-09-02 21:36:00,2.67,0,0,-0.11
2015-09-02 21:46:00,4.67,0,0,-0.11
2015-09-02 21:51:00,2.28,0,0,-0.11
2015-09-02 22:11:00,1.28,0,0,-0.11
2015-09-02 22:21:00,3.44,0,0,-0.11
2015-09-02 22:31:00,2.67,0,0,-0.11
2015-09-02 22:36:00,2.56,0,0,-0.11
2015-09-02 22:41:00,0.78,0,0,-0.11
2015-09-02 22:51:00,1.56,0,0,-0.11
2015-09-02 23:51:00,2.94,0,0,-0.11
2015-09-03 00:01:00,1.83,0,0,-0.11
2015-09-03 00:11:00,0.0,0,0,-0.11
2015-09-03 00:21:00,2.33,0,0,-0.11
2015-09-03 00:36:00,1.06,0,0,-0.11
2015-09-03 00:41:00,0.22,0,0,-0.11
2015-09-03 00:51:00,0.28,0,0,-0.11
2015-09-03 01:21:00,1.0,0,0,-0.11
2015-09-03 01:26:00,1.28,0,0,-0.11
2015-09-03 01:51:00,1.44,0,0,-0.11
2015-09-03 01:56:00,0.5,0,0,-0.11
2015-09-03 02:01:00,0.61,0,0,-0.11
2015-09-03 02:11:00,0.28,0,0,-0.11
2015-09-03 02:16:00,1.78,0,0,-0.11
2015-09-03 02:21:00,0.28,0,0,-0.11
2015-09-03 03:11:00,1.94,0,0,-0.11
2015-09-03 03:21:00,1.0,0,0,-0.11
2015-09-03 03:26:00,1.17,0,0,-0.11
2015-09-03 03:46:00,1.94,0,0,-0.11
2015-09-03 03:51:00,2.44,0,0,-0.11
2015-09-03 04:06:00,0.22,0,0,-0.11
2015-09-03 04:11:00,1.67,0,0,-0.11
2015-09-03 04:16:00,1.83,0,0,-0.11
2015-09-03 04:36:00,0.39,0,0,-0.11
2015-09-03 04:56:00,1.56,0,0,-0.11
2015-09-03 05:01:00,4.78,0,0,-0.11
2015-09-03 05:06:00,1.17,0,0,-0.11
2015-09-03 05:11:00,10.94,1,0,-0.11
2015-09-03 05:21:00,1.56,0,0,-0.11
2015-09-03 05:26:00,3.89,0,0,-0.11
2015-09-03 05:31:00,5.39,0,0,-0.11
2015-09-03 05:36:00,4.11,0,0,-0.11
2015-09-03 05:41:00,3.61,0,0,-0.11
2015-09-03 05:46:00,2.56,0,0,-0.11
2015-09-03 05:51:00,7.44,0,0,-0.11
2015-09-03 05:56:00,9.94,1,0,-0.11
2015-09-03 06:01:00,4.61,0,0,-0.11
2015-09-03 06:06:00,12.28,1,0,-0.11
2015-09-03 06:11:00,10.56,1,0,-0.11
2015-09-03 06:16:00,21.17,1,0,-0.11
2015-09-03 06:21:00,15.33,1,0,-0.11
2015-09-03 06:26:00,12.11,1,0,-0.11
2015-09-03 06:36:00,11.33,0,0,-0.11
2015-09-03 06:41:00,13.94,1,0,-0.11
2015-09-03 06:46:00,14.78,1,0,-0.11
2015-09-03 06:51:00,11.44,0,0,-0.11
2015-09-03 06:56:00,13.89,1,0,-0.11
2015-09-03 07:01:00,9.39,0,0,-0.11
2015-09-03 07:06:00,12.0,0,0,-0.11
2015-09-03 07:11:00,17.89,1,0,-0.11
2015-09-03 07:16:00,11.89,0,0,-0.11
2015-09-03 07:21:00,10.17,0,0,-0.11
2015-09-03 07:26:00,11.11,0,0,-0.11
2015-09-03 07:31:00,21.11,1,0,-0.11
2015-09-03 07:36:00,9.28,0,0,-0.11
2015-09-03 07:41:00,5.28,0,0,-0.11
2015-09-03 07:46:00,10.06,0,0,-0.11
2015-09-03 07:51:00,10.72,0,0,-0.11
2015-09-03 07:56:00,5.83,0,0,-0.11
2015-09-03 08:01:00,6.44,0,0,-0.11
2015-09-03 08:11:00,4.11,0,0,-0.11
2015-09-03 08:16:00,10.28,0,0,-0.11
2015-09-03 08:21:00,10.44,0,0,-0.11
2015-09-03 08:26:00,9.28,0,0,-0.11
2015-09-03 08:31:00,11.22,0,0,-0.11
2015-09-03 08:36:00,7.44,0,0,-0.11
2015-09-03 08:41:00,5.06,0,0,-0.11
2015-09-03 08:46:00,15.33,0,0,-0.11
2015-09-03 08:56:00,8.0,0,0,-0.11
2015-09-03 09:01:00,3.83,0,0,-0.11
2015-09-03 09:06:00,14.28,0,0,-0.11
2015-09-03 09:16:00,6.83,0,0,-0.11
2015-09-03 09:21:00,5.39,0,0,-0.11
2015-09-03 09:26:00,8.39,0,0,-0.11
2015-09-03 09:31:00,6.72,0,0,-0.11
2015-09-03 09:36:00,7.5,0,0,-0.11
2015-09-03 09:41:00,7.11,0,0,-0.11
2015-09-03 09:56:00,5.78,0,0,-0.11
2015-09-03 10:01:00,5.28,0,0,-0.11
2015-09-03 10:06:00,6.94,0,0,-0.11
2015-09-03 10:11:00,5.06,0,0,-0.11
2015-09-03 10:16:00,3.06,0,0,-0.11
2015-09-03 10:26:00,2.94,0,0,-0.11
2015-09-03 10:31:00,4.5,0,0,-0.11
2015-09-03 10:36:00,4.89,0,0,-0.11
2015-09-03 10:41:00,3.5,0,0,-0.11
2015-09-03 10:46:00,4.61,0,0,-0.11
2015-09-03 10:51:00,1.67,0,0,-0.11
2015-09-03 11:01:00,5.17,0,0,-0.11
2015-09-03 11:06:00,3.72,0,0,-0.11
2015-09-03 11:16:00,5.56,0,0,-0.11
2015-09-03 11:21:00,6.28,0,0,-0.11
2015-09-03 11:26:00,4.61,0,0,-0.11
2015-09-03 11:36:00,7.06,0,0,-0.11
2015-09-03 11:46:00,3.5,0,0,-0.11
2015-09-03 12:01:00,3.83,0,0,-0.11
2015-09-03 12:06:00,1.67,0,0,-0.11
2015-09-03 12:11:00,3.72,0,0,-0.11
2015-09-03 12:16:00,2.83,0,0,-0.11
2015-09-03 12:21:00,2.83,0,0,-0.11
2015-09-03 12:31:00,3.89,0,0,-0.11
2015-09-03 12:41:00,7.33,0,0,-0.11
2015-09-03 12:46:00,3.61,0,0,-0.11
2015-09-03 12:51:00,2.67,0,0,-0.11
2015-09-03 12:56:00,4.11,0,0,-0.11
2015-09-03 13:01:00,4.61,0,0,-0.11
2015-09-03 13:06:00,0.78,0,0,-0.11
2015-09-03 13:11:00,5.44,0,0,-0.11
2015-09-03 13:21:00,1.0,0,0,-0.11
2015-09-03 13:26:00,1.78,0,0,-0.11
2015-09-03 13:31:00,8.5,0,0,-0.11
2015-09-03 13:41:00,5.56,0,0,-0.11
2015-09-03 13:46:00,9.83,0,0,-0.11
2015-09-03 14:01:00,6.17,0,0,-0.11
2015-09-03 14:06:00,2.28,0,0,-0.11
2015-09-03 14:11:00,8.28,0,0,-0.11
2015-09-03 14:16:00,7.72,0,0,-0.11
2015-09-03 14:21:00,4.89,0,0,-0.11
2015-09-03 14:26:00,6.94,0,0,-0.11
2015-09-03 14:31:00,5.39,0,0,-0.11
2015-09-03 14:41:00,8.78,0,0,-0.11
2015-09-03 14:46:00,7.5,0,0,-0.11
2015-09-03 14:56:00,7.61,0,0,-0.11
2015-09-03 15:01:00,6.72,0,0,-0.11
2015-09-03 15:06:00,2.17,0,0,-0.11
2015-09-03 15:11:00,5.67,0,0,-0.11
2015-09-03 15:16:00,7.22,0,0,-0.11
2015-09-03 15:21:00,5.0,0,0,-0.11
2015-09-03 15:26:00,5.17,0,0,-0.11
2015-09-03 15:31:00,9.94,0,0,-0.11
2015-09-03 15:36:00,10.72,0,0,-0.11
2015-09-03 15:41:00,7.44,0,0,-0.11
2015-09-03 15:46:00,9.83,0,0,-0.11
2015-09-03 15:51:00,3.89,0,0,-0.11
2015-09-03 15:56:00,4.11,0,0,-0.11
2015-09-03 16:06:00,4.0,0,0,-0.11
2015-09-03 16:21:00,7.22,0,0,-0.11
2015-09-03 16:31:00,3.44,0,0,-0.11
2015-09-03 16:36:00,7.33,0,0,-0.11
2015-09-03 16:41:00,9.0,0,0,-0.11
2015-09-03 16:46:00,11.44,0,0,-0.11
2015-09-03 16:56:00,10.17,0,0,-0.11
2015-09-03 17:01:00,8.67,0,0,-0.11
2015-09-03 17:06:00,9.83,0,0,-0.11
2015-09-03 17:11:00,4.5,0,0,-0.11
2015-09-03 17:16:00,9.83,0,0,-0.11
2015-09-03 17:21:00,3.83,0,0,-0.11
2015-09-03 17:26:00,7.22,0,0,-0.11
2015-09-03 17:36:00,5.78,0,0,-0.11
2015-09-03 17:41:00,10.28,0,0,-0.11
2015-09-03 17:46:00,3.89,0,0,-0.11
2015-09-03 17:51:00,5.28,0,0,-0.11
2015-09-03 17:56:00,3.5,0,0,-0.11
2015-09-03 18:01:00,7.5,0,0,-0.11
2015-09-03 18:11:00,7.72,0,0,-0.11
2015-09-03 18:16:00,2.94,0,0,-0.11
2015-09-03 18:21:00,3.33,0,0,-0.11
2015-09-03 18:31:00,3.61,0,0,-0.11
2015-09-03 18:36:00,2.83,0,0,-0.11
2015-09-03 18:41:00,7.06,0,0,-0.11
2015-09-03 18:51:00,3.06,0,0,-0.11
2015-09-03 19:06:00,3.33,0,0,-0.11
2015-09-03 19:11:00,6.67,0,0,-0.11
2015-09-03 19:21:00,3.5,0,0,-0.11
2015-09-03 19:26:00,3.44,0,0,-0.11
2015-09-03 20:02:00,1.67,0,0,-0.11
2015-09-03 20:12:00,3.11,0,0,-0.11
2015-09-03 20:17:00,7.22,0,0,-0.11
2015-09-03 20:22:00,3.06,0,0,-0.11
2015-09-03 20:27:00,5.56,0,0,-0.11
2015-09-03 20:57:00,1.67,0,0,-0.11
2015-09-03 21:02:00,4.0,0,0,-0.11
2015-09-03 21:32:00,0.67,0,0,-0.11
2015-09-03 21:42:00,4.89,0,0,-0.11
2015-09-03 22:02:00,0.39,0,0,-0.11
2015-09-03 22:22:00,1.56,0,0,-0.11
2015-09-03 22:27:00,2.67,0,0,-0.11
2015-09-03 23:22:00,3.22,0,0,-0.11
2015-09-03 23:27:00,4.11,0,0,-0.11
2015-09-03 23:32:00,3.11,0,0,-0.11
2015-09-03 23:42:00,0.89,0,0,-0.11
2015-09-03 23:57:00,5.06,0,0,-0.11
2015-09-04 00:02:00,2.56,0,0,-0.11
2015-09-04 00:07:00,0.22,0,0,-0.11
2015-09-04 00:22:00,0.61,0,0,-0.11
2015-09-04 00:27:00,1.0,0,0,-0.11
2015-09-04 00:42:00,0.28,0,0,-0.11
2015-09-04 01:07:00,1.28,0,0,-0.11
2015-09-04 01:27:00,1.78,0,0,-0.11
2015-09-04 02:27:00,1.44,0,0,-0.11
2015-09-04 02:52:00,1.17,0,0,-0.11
2015-09-04 02:57:00,1.44,0,0,-0.11
2015-09-04 03:12:00,1.39,0,0,-0.11
2015-09-04 03:27:00,2.56,0,0,-0.11
2015-09-04 04:02:00,1.78,0,0,-0.11
2015-09-04 04:22:00,1.39,0,0,-0.11
2015-09-04 04:37:00,4.39,0,0,-0.11
2015-09-04 04:52:00,0.67,0,0,-0.11
2015-09-04 05:12:00,5.06,0,0,-0.11
2015-09-04 05:17:00,3.44,0,0,-0.11
2015-09-04 05:22:00,3.61,0,0,-0.11
2015-09-04 05:32:00,4.67,0,0,-0.11
2015-09-04 05:37:00,3.61,0,0,-0.11
2015-09-04 05:42:00,8.78,0,0,-0.11
2015-09-04 05:47:00,6.17,0,0,-0.11
2015-09-04 05:52:00,2.56,0,0,-0.11
2015-09-04 05:57:00,5.67,0,0,-0.11
2015-09-04 06:07:00,5.0,0,0,-0.11
2015-09-04 06:12:00,6.56,0,0,-0.11
2015-09-04 06:17:00,8.39,0,0,-0.11
2015-09-04 06:22:00,6.83,0,0,-0.11
2015-09-04 06:27:00,10.67,1,0,-0.11
2015-09-04 06:32:00,8.28,0,0,-0.11
2015-09-04 06:37:00,9.06,0,0,-0.11
2015-09-04 06:42:00,8.78,0,0,-0.11
2015-09-04 06:47:00,5.83,0,0,-0.11
2015-09-04 06:52:00,14.28,1,0,-0.11
2015-09-04 06:57:00,15.56,1,0,-0.11
2015-09-04 07:02:00,5.67,0,0,-0.11
2015-09-04 07:07:00,4.61,0,0,-0.11
2015-09-04 07:12:00,9.06,0,0,-0.11
2015-09-04 07:22:00,9.39,0,0,-0.11
2015-09-04 07:27:00,12.22,0,0,-0.11
2015-09-04 07:32:00,8.5,0,0,-0.11
2015-09-04 07:37:00,8.67,0,0,-0.11
2015-09-04 07:47:00,6.56,0,0,-0.11
2015-09-04 07:52:00,6.17,0,0,-0.11
2015-09-04 07:57:00,8.89,0,0,-0.11
2015-09-04 08:02:00,7.72,0,0,-0.11
2015-09-04 08:07:00,12.11,0,0,-0.11
2015-09-04 08:12:00,7.22,0,0,-0.11
2015-09-04 08:17:00,9.28,0,0,-0.11
2015-09-04 08:22:00,10.94,0,0,-0.11
2015-09-04 08:27:00,5.17,0,0,-0.11
2015-09-04 08:32:00,6.83,0,0,-0.11
2015-09-04 08:37:00,5.78,0,0,-0.11
2015-09-04 08:52:00,7.89,0,0,-0.11
2015-09-04 08:57:00,2.33,0,0,-0.11
2015-09-04 09:12:00,7.06,0,0,-0.11
2015-09-04 09:17:00,8.0,0,0,-0.11
2015-09-04 09:32:00,2.94,0,0,-0.11
2015-09-04 09:42:00,2.17,0,0,-0.11
2015-09-04 09:47:00,6.17,0,0,-0.11
2015-09-04 09:52:00,8.22,0,0,-0.11
2015-09-04 09:57:00,4.0,0,0,-0.11
2015-09-04 10:12:00,3.89,0,0,-0.11
2015-09-04 10:17:00,8.22,0,0,-0.11
2015-09-04 10:22:00,4.78,0,0,-0.11
2015-09-04 10:27:00,3.83,0,0,-0.11
2015-09-04 10:32:00,6.17,0,0,-0.11
2015-09-04 10:37:00,4.11,0,0,-0.11
2015-09-04 10:42:00,2.83,0,0,-0.11
2015-09-04 10:47:00,5.56,0,0,-0.11
2015-09-04 10:57:00,3.33,0,0,-0.11
2015-09-04 11:02:00,8.61,0,0,-0.11
2015-09-04 11:07:00,4.5,0,0,-0.11
2015-09-04 11:17:00,5.94,0,0,-0.11
2015-09-04 11:22:00,9.39,0,0,-0.11
2015-09-04 11:27:00,3.11,0,0,-0.11
2015-09-04 11:32:00,6.72,0,0,-0.11
2015-09-04 11:37:00,4.61,0,0,-0.11
2015-09-04 11:42:00,5.67,0,0,-0.11
2015-09-04 11:47:00,4.89,0,0,-0.11
2015-09-04 11:52:00,5.78,0,0,-0.11
2015-09-04 11:57:00,7.5,0,0,-0.11
2015-09-04 12:12:00,3.72,0,0,-0.11
2015-09-04 12:27:00,2.33,0,0,-0.11
2015-09-04 12:32:00,5.06,0,0,-0.11
2015-09-04 12:37:00,6.44,0,0,-0.11
2015-09-04 12:42:00,2.44,0,0,-0.11
2015-09-04 12:52:00,6.33,0,0,-0.11
2015-09-04 12:57:00,9.78,0,0,-0.11
2015-09-04 13:02:00,2.17,0,0,-0.11
2015-09-04 13:12:00,6.67,0,0,-0.11
2015-09-04 13:17:00,6.83,0,0,-0.11
2015-09-04 13:27:00,2.06,0,0,-0.11
2015-09-04 13:37:00,8.22,0,0,-0.11
2015-09-04 13:47:00,7.61,0,0,-0.11
2015-09-04 13:52:00,5.56,0,0,-0.11
2015-09-04 13:57:00,4.61,0,0,-0.11
2015-09-04 14:02:00,3.11,0,0,-0.11
2015-09-04 14:07:00,6.44,0,0,-0.11
2015-09-04 14:12:00,4.11,0,0,-0.11
2015-09-04 14:17:00,11.44,0,0,-0.11
2015-09-04 14:22:00,7.22,0,0,-0.11
2015-09-04 14:27:00,8.28,0,0,-0.11
2015-09-04 14:32:00,3.11,0,0,-0.11
2015-09-04 14:37:00,3.22,0,0,-0.11
2015-09-04 14:42:00,4.39,0,0,-0.11
2015-09-04 14:47:00,8.67,0,0,-0.11
2015-09-04 14:52:00,2.33,0,0,-0.11
2015-09-04 15:02:00,3.61,0,0,-0.11
2015-09-04 15:17:00,3.5,0,0,-0.11
2015-09-04 15:22:00,6.17,0,0,-0.11
2015-09-04 15:32:00,6.44,0,0,-0.11
2015-09-04 15:42:00,3.89,0,0,-0.11
2015-09-04 15:47:00,5.83,0,0,-0.11
2015-09-04 15:52:00,6.67,0,0,-0.11
2015-09-04 16:02:00,6.83,0,0,-0.11
2015-09-04 16:12:00,3.61,0,0,-0.11
2015-09-04 16:17:00,4.39,0,0,-0.11
2015-09-04 16:27:00,3.72,0,0,-0.11
2015-09-04 16:32:00,5.28,0,0,-0.11
2015-09-04 16:42:00,5.28,0,0,-0.11
2015-09-04 16:47:00,4.28,0,0,-0.11
2015-09-04 16:52:00,5.0,0,0,-0.11
2015-09-04 16:57:00,7.06,0,0,-0.11
2015-09-04 17:02:00,4.61,0,0,-0.11
2015-09-04 17:07:00,5.39,0,0,-0.11
2015-09-04 17:12:00,14.44,1,0,-0.11
2015-09-04 17:17:00,7.61,0,0,-0.11
2015-09-04 17:22:00,11.5,0,0,-0.11
2015-09-04 17:27:00,6.33,0,0,-0.11
2015-09-04 17:32:00,6.44,0,0,-0.11
2015-09-04 17:37:00,6.06,0,0,-0.11
2015-09-04 17:42:00,6.33,0,0,-0.11
2015-09-04 17:47:00,3.61,0,0,-0.11
2015-09-04 18:02:00,5.0,0,0,-0.11
2015-09-04 18:07:00,5.56,0,0,-0.11
2015-09-04 18:12:00,2.72,0,0,-0.11
2015-09-04 18:17:00,6.33,0,0,-0.11
2015-09-04 18:22:00,4.22,0,0,-0.11
2015-09-04 18:27:00,4.11,0,0,-0.11
2015-09-04 18:32:00,4.78,0,0,-0.11
2015-09-04 18:37:00,7.5,0,0,-0.11
2015-09-04 18:42:00,13.28,1,0,-0.11
2015-09-04 18:47:00,7.22,0,0,-0.11
2015-09-04 18:52:00,10.06,0,0,-0.11
2015-09-04 18:57:00,2.44,0,0,-0.11
2015-09-04 19:02:00,3.83,0,0,-0.11
2015-09-04 19:07:00,2.33,0,0,-0.11
2015-09-04 19:12:00,4.28,0,0,-0.11
2015-09-04 19:22:00,2.06,0,0,-0.11
2015-09-04 19:27:00,1.39,0,0,-0.11
2015-09-04 19:32:00,4.22,0,0,-0.11
2015-09-04 19:42:00,2.33,0,0,-0.11
2015-09-04 19:47:00,1.56,0,0,-0.11
2015-09-04 19:57:00,5.67,0,0,-0.11
2015-09-04 20:02:00,4.0,0,0,-0.11
2015-09-04 20:12:00,3.33,0,0,-0.11
2015-09-04 20:17:00,4.28,0,0,-0.11
2015-09-04 20:23:00,2.17,0,0,-0.11
2015-09-04 20:28:00,4.61,0,0,-0.11
2015-09-04 20:33:00,3.33,0,0,-0.11
2015-09-04 20:38:00,6.28,0,0,-0.11
2015-09-04 20:48:00,1.78,0,0,-0.11
2015-09-04 20:53:00,3.5,0,0,-0.11
2015-09-04 21:03:00,3.22,0,0,-0.11
2015-09-04 21:13:00,3.44,0,0,-0.11
2015-09-04 21:18:00,5.17,0,0,-0.11
2015-09-04 21:33:00,2.72,0,0,-0.11
2015-09-04 21:38:00,4.22,0,0,-0.11
2015-09-04 21:53:00,2.83,0,0,-0.11
2015-09-04 22:08:00,0.89,0,0,-0.11
2015-09-04 22:13:00,1.83,0,0,-0.11
2015-09-04 22:23:00,3.72,0,0,-0.11
2015-09-04 22:34:00,3.61,0,0,-0.11
2015-09-04 22:41:00,0.78,0,0,-0.11
2015-09-08 10:44:00,3.61,0,0,-0.11
2015-09-08 10:49:00,1.44,0,0,-0.11
2015-09-08 10:59:00,4.28,0,0,-0.11
2015-09-08 11:04:00,6.28,0,0,-0.11
2015-09-08 11:09:00,4.61,0,0,-0.11
2015-09-08 11:14:00,5.28,0,0,-0.11
2015-09-08 11:19:00,2.06,0,0,-0.11
2015-09-08 11:29:00,7.5,0,0,-0.11
2015-09-08 11:34:00,8.39,0,0,-0.11
2015-09-08 11:39:00,0.67,0,0,-0.11
2015-09-08 11:49:00,2.94,0,0,-0.11
2015-09-08 11:59:00,1.67,0,0,-0.11
2015-09-08 12:14:00,5.44,0,0,-0.11
2015-09-08 12:19:00,3.72,0,0,-0.11
2015-09-08 12:24:00,3.5,0,0,-0.11
2015-09-08 12:27:00,3.11,0,0,-0.11
2015-09-08 12:32:00,5.78,0,0,-0.11
2015-09-08 12:36:00,4.67,0,0,-0.11
2015-09-08 12:46:00,9.0,0,0,-0.11
2015-09-08 12:51:00,6.72,0,0,-0.11
2015-09-08 12:56:00,1.0,0,0,-0.11
2015-09-08 13:01:00,5.17,0,0,-0.11
2015-09-08 13:06:00,8.89,0,0,-0.11
2015-09-08 13:16:00,6.06,0,0,-0.11
2015-09-08 13:26:00,1.39,0,0,-0.11
2015-09-08 13:36:00,2.44,0,0,-0.11
2015-09-08 13:41:00,3.44,0,0,-0.11
2015-09-08 13:46:00,6.06,0,0,-0.11
2015-09-08 13:51:00,1.78,0,0,-0.11
2015-09-08 13:56:00,3.89,0,0,-0.11
2015-09-08 14:00:00,5.0,0,0,-0.11
2015-09-08 14:06:00,5.0,0,0,-0.11
2015-09-08 14:11:00,10.28,0,0,-0.11
2015-09-08 14:21:00,1.17,0,0,-0.11
2015-09-08 14:31:00,4.67,0,0,-0.11
2015-09-08 14:36:00,5.0,0,0,-0.11
2015-09-08 14:41:00,5.39,0,0,-0.11
2015-09-08 14:51:00,1.67,0,0,-0.11
2015-09-08 14:56:00,4.39,0,0,-0.11
2015-09-08 15:01:00,4.22,0,0,-0.11
2015-09-08 15:06:00,4.5,0,0,-0.11
2015-09-08 15:11:00,7.89,0,0,-0.11
2015-09-08 15:16:00,4.28,0,0,-0.11
2015-09-08 15:26:00,5.06,0,0,-0.11
2015-09-08 15:29:00,2.72,0,0,-0.11
2015-09-08 15:41:00,5.56,0,0,-0.11
2015-09-08 16:15:00,6.83,0,0,-0.11
2015-09-08 16:31:00,2.83,0,0,-0.11
2015-09-08 16:36:00,3.44,0,0,-0.11
2015-09-08 16:41:00,2.06,0,0,-0.11
2015-09-08 16:46:00,7.06,0,0,-0.11
2015-09-08 16:56:00,1.83,0,0,-0.11
2015-09-08 17:06:00,7.72,0,0,-0.11
2015-09-08 17:11:00,6.94,0,0,-0.11
2015-09-08 17:21:00,5.28,0,0,-0.11
2015-09-08 17:26:00,3.5,0,0,-0.11
2015-09-08 17:31:00,5.83,0,0,-0.11
2015-09-08 17:36:00,8.22,0,0,-0.11
2015-09-08 17:46:00,6.33,0,0,-0.11
2015-09-08 17:51:00,4.11,0,0,-0.11
2015-09-08 17:56:00,5.0,0,0,-0.11
2015-09-08 18:26:00,1.78,0,0,-0.11
2015-09-08 18:31:00,7.89,0,0,-0.11
2015-09-08 18:36:00,4.78,0,0,-0.11
2015-09-08 18:41:00,2.72,0,0,-0.11
2015-09-08 18:46:00,1.0,0,0,-0.11
2015-09-08 18:56:00,1.17,0,0,-0.11
2015-09-08 19:01:00,5.56,0,0,-0.11
2015-09-08 19:06:00,1.28,0,0,-0.11
2015-09-08 19:16:00,7.44,0,0,-0.11
2015-09-08 19:26:00,2.44,0,0,-0.11
2015-09-08 19:36:00,2.67,0,0,-0.11
2015-09-08 19:41:00,4.39,0,0,-0.11
2015-09-08 19:46:00,1.44,0,0,-0.11
2015-09-08 19:51:00,1.56,0,0,-0.11
2015-09-08 20:06:00,2.72,0,0,-0.11
2015-09-08 20:11:00,2.67,0,0,-0.11
2015-09-08 20:26:00,1.56,0,0,-0.11
2015-09-08 20:36:00,2.94,0,0,-0.11
2015-09-08 20:41:00,0.67,0,0,-0.11
2015-09-08 20:46:00,1.44,0,0,-0.11
2015-09-08 20:56:00,0.89,0,0,-0.11
2015-09-08 21:06:00,1.78,0,0,-0.11
2015-09-08 21:11:00,1.56,0,0,-0.11
2015-09-08 21:16:00,0.89,0,0,-0.11
2015-09-08 21:21:00,2.33,0,0,-0.11
2015-09-08 21:46:00,0.22,0,0,-0.11
2015-09-08 21:51:00,1.39,0,0,-0.11
2015-09-08 21:56:00,0.5,0,0,-0.11
2015-09-08 22:06:00,1.06,0,0,-0.11
2015-09-08 22:12:00,0.67,0,0,-0.11
2015-09-08 22:26:00,2.56,0,0,-0.11
2015-09-08 22:36:00,1.17,0,0,-0.11
2015-09-08 22:51:00,0.28,0,0,-0.11
2015-09-08 22:56:00,3.33,0,0,-0.11
2015-09-08 23:56:00,2.94,0,0,-0.11
2015-09-09 00:26:00,1.67,0,0,-0.11
2015-09-09 01:11:00,1.67,0,0,-0.11
2015-09-09 01:51:00,0.61,0,0,-0.11
2015-09-09 03:11:00,0.78,0,0,-0.11
2015-09-09 06:04:00,12.28,1,0,-0.11
2015-09-09 07:34:00,8.89,0,0,-0.11
2015-09-09 09:20:00,5.06,0,0,-0.11
2015-09-09 09:48:00,2.06,0,0,-0.11
2015-09-09 09:53:00,6.44,0,0,-0.11
2015-09-09 09:58:00,2.44,0,0,-0.11
2015-09-09 10:03:00,4.67,0,0,-0.11
2015-09-09 10:08:00,4.61,0,0,-0.11
2015-09-09 10:18:00,5.0,0,0,-0.11
2015-09-09 10:23:00,9.67,0,0,-0.11
2015-09-09 10:33:00,4.67,0,0,-0.11
2015-09-09 10:43:00,4.5,0,0,-0.11
2015-09-09 10:53:00,3.83,0,0,-0.11
2015-09-09 10:58:00,4.67,0,0,-0.11
2015-09-09 11:08:00,5.39,0,0,-0.11
2015-09-09 11:18:00,2.94,0,0,-0.11
2015-09-09 11:23:00,3.06,0,0,-0.11
2015-09-09 11:38:00,3.22,0,0,-0.11
2015-09-09 11:43:00,2.94,0,0,-0.11
2015-09-09 11:48:00,5.56,0,0,-0.11
2015-09-09 11:58:00,4.89,0,0,-0.11
2015-09-09 12:13:00,6.06,0,0,-0.11
2015-09-09 12:23:00,2.56,0,0,-0.11
2015-09-09 12:28:00,2.17,0,0,-0.11
2015-09-09 12:43:00,3.06,0,0,-0.11
2015-09-09 12:53:00,1.06,0,0,-0.11
2015-09-09 12:58:00,5.17,0,0,-0.11
2015-09-09 13:03:00,6.56,0,0,-0.11
2015-09-09 13:13:00,1.44,0,0,-0.11
2015-09-09 13:18:00,0.22,0,0,-0.11
2015-09-09 13:23:00,1.67,0,0,-0.11
2015-09-09 13:38:00,6.28,0,0,-0.11
2015-09-09 13:48:00,2.67,0,0,-0.11
2015-09-09 13:53:00,4.89,0,0,-0.11
2015-09-09 14:08:00,2.06,0,0,-0.11
2015-09-09 14:13:00,7.11,0,0,-0.11
2015-09-09 14:18:00,2.06,0,0,-0.11
2015-09-09 14:23:00,7.83,0,0,-0.11
2015-09-09 14:33:00,3.5,0,0,-0.11
2015-09-09 14:43:00,4.5,0,0,-0.11
2015-09-09 15:03:00,3.06,0,0,-0.11
2015-09-09 15:08:00,3.11,0,0,-0.11
2015-09-09 15:13:00,11.06,0,0,-0.11
2015-09-09 15:18:00,5.78,0,0,-0.11
2015-09-09 15:23:00,6.56,0,0,-0.11
2015-09-09 15:28:00,2.28,0,0,-0.11
2015-09-09 15:33:00,7.22,0,0,-0.11
2015-09-09 15:43:00,4.78,0,0,-0.11
2015-09-09 15:48:00,5.56,0,0,-0.11
2015-09-09 15:53:00,6.44,0,0,-0.11
2015-09-09 15:58:00,3.44,0,0,-0.11
2015-09-09 16:03:00,1.56,0,0,-0.11
2015-09-09 16:08:00,5.39,0,0,-0.11
2015-09-09 16:13:00,10.56,0,0,-0.11
2015-09-09 16:23:00,8.5,0,0,-0.11
2015-09-09 16:28:00,3.5,0,0,-0.11
2015-09-09 16:38:00,6.17,0,0,-0.11
2015-09-09 16:43:00,3.44,0,0,-0.11
2015-09-09 16:48:00,5.0,0,0,-0.11
2015-09-09 16:53:00,7.61,0,0,-0.11
2015-09-09 16:58:00,3.83,0,0,-0.11
2015-09-09 17:08:00,7.11,0,0,-0.11
2015-09-09 17:13:00,5.0,0,0,-0.11
2015-09-09 17:18:00,3.44,0,0,-0.11
2015-09-09 17:23:00,7.22,0,0,-0.11
2015-09-09 17:33:00,4.5,0,0,-0.11
2015-09-09 17:48:00,3.61,0,0,-0.11
2015-09-09 17:58:00,1.94,0,0,-0.11
2015-09-09 18:03:00,2.56,0,0,-0.11
2015-09-09 18:08:00,2.17,0,0,-0.11
2015-09-09 18:18:00,3.22,0,0,-0.11
2015-09-09 18:23:00,4.39,0,0,-0.11
2015-09-09 18:28:00,1.17,0,0,-0.11
2015-09-09 18:43:00,4.5,0,0,-0.11
2015-09-09 18:48:00,1.56,0,0,-0.11
2015-09-09 18:53:00,1.28,0,0,-0.11
2015-09-09 19:03:00,2.56,0,0,-0.11
2015-09-09 19:18:00,4.89,0,0,-0.11
2015-09-09 19:33:00,4.0,0,0,-0.11
2015-09-09 19:38:00,3.22,0,0,-0.11
2015-09-09 19:43:00,2.06,0,0,-0.11
2015-09-09 19:48:00,0.39,0,0,-0.11
2015-09-09 19:58:00,1.67,0,0,-0.11
2015-09-09 20:03:00,2.94,0,0,-0.11
2015-09-09 20:08:00,4.11,0,0,-0.11
2015-09-09 20:13:00,7.22,0,0,-0.11
2015-09-09 20:18:00,0.61,0,0,-0.11
2015-09-09 20:33:00,2.44,0,0,-0.11
2015-09-09 20:38:00,1.44,0,0,-0.11
2015-09-09 20:48:00,0.61,0,0,-0.11
2015-09-09 20:58:00,1.56,0,0,-0.11
2015-09-09 21:03:00,4.0,0,0,-0.11
2015-09-09 21:08:00,1.06,0,0,-0.11
2015-09-09 21:13:00,0.78,0,0,-0.11
2015-09-09 21:18:00,1.67,0,0,-0.11
2015-09-09 21:23:00,7.06,0,0,-0.11
2015-09-09 21:33:00,1.94,0,0,-0.11
2015-09-09 21:38:00,3.11,0,0,-0.11
2015-09-09 21:43:00,2.94,0,0,-0.11
2015-09-09 21:48:00,0.78,0,0,-0.11
2015-09-09 22:03:00,0.61,0,0,-0.11
2015-09-09 22:08:00,1.0,0,0,-0.11
2015-09-09 22:13:00,0.78,0,0,-0.11
2015-09-09 22:23:00,3.83,0,0,-0.11
2015-09-09 22:28:00,1.28,0,0,-0.11
2015-09-09 22:33:00,0.67,0,0,-0.11
2015-09-09 22:38:00,1.06,0,0,-0.11
2015-09-09 22:41:00,8.28,0,0,-0.11
2015-09-09 22:46:00,2.83,0,0,-0.11
2015-09-10 00:08:00,0.39,0,0,-0.11
2015-09-10 00:23:00,3.61,0,0,-0.11
2015-09-10 00:38:00,1.39,0,0,-0.11
2015-09-10 00:53:00,0.5,0,0,-0.11
2015-09-10 00:58:00,1.67,0,0,-0.11
2015-09-10 01:03:00,1.06,0,0,-0.11
2015-09-10 01:08:00,0.61,0,0,-0.11
2015-09-10 01:13:00,2.17,0,0,-0.11
2015-09-10 01:38:00,1.06,0,0,-0.11
2015-09-10 01:58:00,2.17,0,0,-0.11
2015-09-10 02:08:00,2.72,0,0,-0.11
2015-09-10 02:18:00,0.39,0,0,-0.11
2015-09-10 02:23:00,0.67,0,0,-0.11
2015-09-10 02:28:00,0.89,0,0,-0.11
2015-09-10 05:28:00,11.33,1,0,-0.11
2015-09-10 05:33:00,6.72,0,0,-0.11
2015-09-10 05:38:00,5.67,0,0,-0.11
2015-09-10 05:45:00,6.44,0,0,-0.11
2015-09-10 08:00:00,8.67,0,0,-0.11
2015-09-10 08:13:00,9.06,0,0,-0.11
2015-09-10 08:18:00,5.28,0,0,-0.11
2015-09-10 08:23:00,12.28,1,0,-0.11
2015-09-10 08:28:00,9.06,0,0,-0.11
2015-09-10 08:33:00,8.89,0,0,-0.11
2015-09-10 08:43:00,3.89,0,0,-0.11
2015-09-10 08:48:00,2.94,0,0,-0.11
2015-09-10 08:53:00,6.33,0,0,-0.11
2015-09-10 08:58:00,6.56,0,0,-0.11
2015-09-10 09:03:00,4.78,0,0,-0.11
2015-09-10 09:08:00,3.61,0,0,-0.11
2015-09-10 09:13:00,7.22,0,0,-0.11
2015-09-10 09:18:00,10.72,0,0,-0.11
2015-09-10 09:28:00,4.11,0,0,-0.11
2015-09-10 09:33:00,6.06,0,0,-0.11
2015-09-10 09:38:00,7.5,0,0,-0.11
2015-09-10 09:43:00,1.94,0,0,-0.11
2015-09-10 09:48:00,3.72,0,0,-0.11
2015-09-10 09:52:00,6.06,0,0,-0.11
2015-09-10 09:57:00,2.28,0,0,-0.11
2015-09-10 10:02:00,1.67,0,0,-0.11
2015-09-10 10:07:00,4.0,0,0,-0.11
2015-09-10 10:17:00,10.56,0,0,-0.11
2015-09-10 10:22:00,4.78,0,0,-0.11
2015-09-10 10:27:00,4.28,0,0,-0.11
2015-09-10 10:37:00,1.67,0,0,-0.11
2015-09-10 10:42:00,4.39,0,0,-0.11
2015-09-10 10:47:00,7.44,0,0,-0.11
2015-09-10 10:52:00,1.39,0,0,-0.11
2015-09-10 10:57:00,2.33,0,0,-0.11
2015-09-10 11:02:00,7.06,0,0,-0.11
2015-09-10 11:07:00,4.22,0,0,-0.11
2015-09-10 11:12:00,1.56,0,0,-0.11
2015-09-10 11:22:00,4.0,0,0,-0.11
2015-09-10 11:32:00,1.44,0,0,-0.11
2015-09-10 11:42:00,1.78,0,0,-0.11
2015-09-10 11:47:00,6.56,0,0,-0.11
2015-09-10 11:57:00,2.28,0,0,-0.11
2015-09-10 12:02:00,5.78,0,0,-0.11
2015-09-10 12:12:00,1.17,0,0,-0.11
2015-09-10 12:17:00,3.22,0,0,-0.11
2015-09-10 12:22:00,1.28,0,0,-0.11
2015-09-10 12:57:00,2.44,0,0,-0.11
2015-09-10 13:02:00,1.94,0,0,-0.11
2015-09-10 13:07:00,6.44,0,0,-0.11
2015-09-10 13:12:00,3.89,0,0,-0.11
2015-09-10 13:17:00,2.06,0,0,-0.11
2015-09-10 13:22:00,2.28,0,0,-0.11
2015-09-10 13:27:00,6.44,0,0,-0.11
2015-09-10 13:42:00,0.61,0,0,-0.11
2015-09-10 13:47:00,2.17,0,0,-0.11
2015-09-10 13:57:00,4.67,0,0,-0.11
2015-09-10 14:02:00,7.61,0,0,-0.11
2015-09-10 14:12:00,7.06,0,0,-0.11
2015-09-10 14:37:00,1.94,0,0,-0.11
2015-09-10 14:42:00,4.39,0,0,-0.11
2015-09-10 14:47:00,5.06,0,0,-0.11
2015-09-10 14:57:00,4.61,0,0,-0.11
2015-09-10 15:02:00,1.78,0,0,-0.11
2015-09-10 15:07:00,6.33,0,0,-0.11
2015-09-10 15:12:00,4.39,0,0,-0.11
2015-09-10 15:17:00,3.72,0,0,-0.11
2015-09-10 15:22:00,5.83,0,0,-0.11
2015-09-10 15:27:00,4.39,0,0,-0.11
2015-09-10 15:32:00,3.5,0,0,-0.11
2015-09-10 15:37:00,5.56,0,0,-0.11
2015-09-10 15:42:00,2.28,0,0,-0.11
2015-09-10 15:47:00,6.17,0,0,-0.11
2015-09-10 15:52:00,3.72,0,0,-0.11
2015-09-10 15:57:00,1.67,0,0,-0.11
2015-09-10 16:02:00,5.06,0,0,-0.11
2015-09-10 16:12:00,8.61,0,0,-0.11
2015-09-10 16:17:00,8.11,0,0,-0.11
2015-09-10 16:27:00,6.17,0,0,-0.11
2015-09-10 16:32:00,5.17,0,0,-0.11
2015-09-10 16:37:00,5.67,0,0,-0.11
2015-09-10 16:42:00,8.0,0,0,-0.11
2015-09-10 16:47:00,4.28,0,0,-0.11
2015-09-10 16:57:00,4.5,0,0,-0.11
2015-09-10 17:02:00,6.94,0,0,-0.11
2015-09-10 17:17:00,5.44,0,0,-0.11
2015-09-10 17:22:00,6.33,0,0,-0.11
2015-09-10 17:27:00,7.33,0,0,-0.11
2015-09-10 17:37:00,4.28,0,0,-0.11
2015-09-10 17:42:00,5.83,0,0,-0.11
2015-09-10 17:47:00,5.28,0,0,-0.11
2015-09-10 17:52:00,9.28,0,0,-0.11
2015-09-10 18:02:00,4.39,0,0,-0.11
2015-09-10 18:07:00,6.06,0,0,-0.11
2015-09-10 18:12:00,9.56,0,0,-0.11
2015-09-10 18:17:00,5.67,0,0,-0.11
2015-09-10 18:22:00,3.83,0,0,-0.11
2015-09-10 18:27:00,2.83,0,0,-0.11
2015-09-10 18:32:00,5.44,0,0,-0.11
2015-09-10 18:42:00,8.61,0,0,-0.11
2015-09-10 18:47:00,1.06,0,0,-0.11
2015-09-10 18:52:00,5.28,0,0,-0.11
2015-09-10 19:02:00,2.33,0,0,-0.11
2015-09-10 19:07:00,2.33,0,0,-0.11
2015-09-10 19:17:00,2.17,0,0,-0.11
2015-09-10 19:27:00,5.06,0,0,-0.11
2015-09-10 19:37:00,0.39,0,0,-0.11
2015-09-10 19:47:00,1.83,0,0,-0.11
2015-09-10 19:52:00,3.06,0,0,-0.11
2015-09-10 20:02:00,5.06,0,0,-0.11
2015-09-10 20:12:00,2.56,0,0,-0.11
2015-09-10 20:28:00,3.11,0,0,-0.11
2015-09-10 20:32:00,1.83,0,0,-0.11
2015-09-10 20:43:00,1.83,0,0,-0.11
2015-09-10 20:47:00,1.83,0,0,-0.11
2015-09-10 20:57:00,3.11,0,0,-0.11
2015-09-10 21:07:00,1.78,0,0,-0.11
2015-09-10 21:12:00,2.33,0,0,-0.11
2015-09-10 21:17:00,1.44,0,0,-0.11
2015-09-10 21:32:00,3.44,0,0,-0.11
2015-09-10 21:37:00,1.94,0,0,-0.11
2015-09-10 21:42:00,0.22,0,0,-0.11
2015-09-10 21:47:00,2.06,0,0,-0.11
2015-09-10 22:12:00,3.5,0,0,-0.11
2015-09-10 22:27:00,0.61,0,0,-0.11
2015-09-10 22:32:00,1.44,0,0,-0.11
2015-09-10 22:37:00,1.56,0,0,-0.11
2015-09-10 22:47:00,0.28,0,0,-0.11
2015-09-10 22:57:00,0.78,0,0,-0.11
2015-09-10 23:02:00,0.89,0,0,-0.11
2015-09-10 23:07:00,4.0,0,0,-0.11
2015-09-10 23:37:00,2.33,0,0,-0.11
2015-09-10 23:42:00,2.28,0,0,-0.11
2015-09-10 23:57:00,1.44,0,0,-0.11
2015-09-11 00:02:00,1.83,0,0,-0.11
2015-09-11 00:22:00,1.0,0,0,-0.11
2015-09-11 01:07:00,0.28,0,0,-0.11
2015-09-11 01:17:00,0.78,0,0,-0.11
2015-09-11 01:32:00,1.06,0,0,-0.11
2015-09-11 01:42:00,0.39,0,0,-0.11
2015-09-11 01:57:00,1.78,0,0,-0.11
2015-09-11 02:12:00,0.67,0,0,-0.11
2015-09-11 02:22:00,0.89,0,0,-0.11
2015-09-11 02:32:00,1.67,0,0,-0.11
2015-09-11 02:57:00,1.17,0,0,-0.11
2015-09-11 03:12:00,0.5,0,0,-0.11
2015-09-11 03:27:00,1.56,0,0,-0.11
2015-09-11 03:32:00,0.78,0,0,-0.11
2015-09-11 03:47:00,3.33,0,0,-0.11
2015-09-11 04:07:00,0.61,0,0,-0.11
2015-09-11 04:12:00,0.22,0,0,-0.11
2015-09-11 04:17:00,3.5,0,0,-0.11
2015-09-11 04:27:00,0.67,0,0,-0.11
2015-09-11 04:47:00,2.72,0,0,-0.11
2015-09-11 04:52:00,2.94,0,0,-0.11
2015-09-11 05:17:00,3.61,0,0,-0.11
2015-09-11 05:22:00,4.11,0,0,-0.11
2015-09-11 05:32:00,2.67,0,0,-0.11
2015-09-11 05:37:00,4.5,0,0,-0.11
2015-09-11 05:42:00,6.44,0,0,-0.11
2015-09-11 05:47:00,8.39,0,0,-0.11
2015-09-11 05:52:00,7.06,0,0,-0.11
2015-09-11 05:57:00,4.5,0,0,-0.11
2015-09-11 06:02:00,8.39,0,0,-0.11
2015-09-11 06:07:00,6.44,0,0,-0.11
2015-09-11 06:12:00,11.5,1,0,-0.11
2015-09-11 06:17:00,9.06,0,0,-0.11
2015-09-11 06:22:00,5.44,0,0,-0.11
2015-09-11 06:27:00,9.94,0,0,-0.11
2015-09-11 06:32:00,12.5,1,0,-0.11
2015-09-11 06:37:00,14.17,1,0,-0.11
2015-09-11 06:42:00,12.11,1,0,-0.11
2015-09-11 06:47:00,6.94,0,0,-0.11
2015-09-11 06:52:00,14.33,1,0,-0.11
2015-09-11 06:57:00,8.11,0,0,-0.11
2015-09-11 07:02:00,13.0,1,0,-0.11
2015-09-11 07:07:00,10.94,0,0,-0.11
2015-09-11 07:12:00,11.83,0,0,-0.11
2015-09-11 07:17:00,6.33,0,0,-0.11
2015-09-11 07:22:00,10.44,0,0,-0.11
2015-09-11 07:27:00,13.11,0,0,-0.11
2015-09-11 07:32:00,12.78,0,0,-0.11
2015-09-11 07:37:00,8.39,0,0,-0.11
2015-09-11 07:42:00,11.33,0,0,-0.11
2015-09-11 07:47:00,9.44,0,0,-0.11
2015-09-11 07:57:00,7.44,0,0,-0.11
2015-09-11 08:02:00,4.39,0,0,-0.11
2015-09-11 08:07:00,9.06,0,0,-0.11
2015-09-11 08:12:00,5.56,0,0,-0.11
2015-09-11 08:17:00,4.39,0,0,-0.11
2015-09-11 08:22:00,6.67,0,0,-0.11
2015-09-11 08:27:00,9.56,0,0,-0.11
2015-09-11 08:32:00,9.17,0,0,-0.11
2015-09-11 08:37:00,5.28,0,0,-0.11
2015-09-11 08:47:00,5.28,0,0,-0.11
2015-09-11 08:52:00,3.5,0,0,-0.11
2015-09-11 08:57:00,4.22,0,0,-0.11
2015-09-11 09:02:00,5.17,0,0,-0.11
2015-09-11 09:12:00,4.78,0,0,-0.11
2015-09-11 09:17:00,5.28,0,0,-0.11
2015-09-11 09:22:00,8.22,0,0,-0.11
2015-09-11 09:27:00,0.89,1,0,-0.11
2015-09-11 09:32:00,5.39,0,0,-0.11
2015-09-11 09:37:00,0.28,1,0,-0.11
2015-09-11 09:42:00,2.67,0,0,-0.11
2015-09-11 10:02:00,2.33,0,0,-0.11
2015-09-11 10:07:00,4.28,0,0,-0.11
2015-09-11 10:17:00,7.11,0,0,-0.11
2015-09-11 10:34:00,3.22,0,0,-0.11
2015-09-11 10:44:00,3.72,0,0,-0.11
2015-09-11 10:49:00,8.0,0,0,-0.11
2015-09-11 10:54:00,1.39,0,0,-0.11
2015-09-11 10:59:00,5.83,0,0,-0.11
2015-09-11 11:04:00,3.61,0,0,-0.11
2015-09-11 11:09:00,8.5,0,0,-0.11
2015-09-11 11:14:00,6.28,0,0,-0.11
2015-09-11 11:24:00,5.28,0,0,-0.11
2015-09-11 11:29:00,1.67,0,0,-0.11
2015-09-11 11:34:00,6.67,0,0,-0.11
2015-09-11 11:39:00,2.06,0,0,-0.11
2015-09-11 11:44:00,4.39,0,0,-0.11
2015-09-11 11:49:00,3.89,0,0,-0.11
2015-09-11 11:54:00,3.5,0,0,-0.11
2015-09-11 11:59:00,5.28,0,0,-0.11
2015-09-11 12:04:00,6.67,0,0,-0.11
2015-09-11 12:09:00,3.83,0,0,-0.11
2015-09-11 12:14:00,6.33,0,0,-0.11
2015-09-11 12:19:00,5.0,0,0,-0.11
2015-09-11 12:24:00,2.67,0,0,-0.11
2015-09-11 12:29:00,1.78,0,0,-0.11
2015-09-11 12:34:00,5.94,0,0,-0.11
2015-09-11 12:44:00,3.89,0,0,-0.11
2015-09-11 12:49:00,7.5,0,0,-0.11
2015-09-11 12:54:00,1.94,0,0,-0.11
2015-09-11 12:59:00,4.39,0,0,-0.11
2015-09-11 13:04:00,4.28,0,0,-0.11
2015-09-11 13:09:00,8.11,0,0,-0.11
2015-09-11 13:19:00,7.44,0,0,-0.11
2015-09-11 13:24:00,5.56,0,0,-0.11
2015-09-11 13:29:00,3.89,0,0,-0.11
2015-09-11 13:34:00,4.89,0,0,-0.11
2015-09-11 13:39:00,5.83,0,0,-0.11
2015-09-11 13:44:00,9.94,0,0,-0.11
2015-09-11 13:49:00,9.0,0,0,-0.11
2015-09-11 13:54:00,4.61,0,0,-0.11
2015-09-11 13:59:00,5.78,0,0,-0.11
2015-09-11 14:04:00,3.33,0,0,-0.11
2015-09-11 14:09:00,2.56,0,0,-0.11
2015-09-11 14:14:00,6.06,0,0,-0.11
2015-09-11 14:19:00,4.39,0,0,-0.11
2015-09-11 14:24:00,5.56,0,0,-0.11
2015-09-11 14:29:00,1.94,0,0,-0.11
2015-09-11 14:34:00,10.33,0,0,-0.11
2015-09-11 14:39:00,4.11,0,0,-0.11
2015-09-11 14:44:00,5.56,0,0,-0.11
2015-09-11 14:49:00,10.17,0,0,-0.11
2015-09-11 14:54:00,10.83,0,0,-0.11
2015-09-11 14:59:00,6.72,0,0,-0.11
2015-09-11 15:04:00,3.22,0,0,-0.11
2015-09-11 15:19:00,10.06,0,0,-0.11
2015-09-11 15:24:00,8.28,0,0,-0.11
2015-09-11 15:29:00,7.22,0,0,-0.11
2015-09-11 15:34:00,6.28,0,0,-0.11
2015-09-11 15:39:00,4.61,0,0,-0.11
2015-09-11 15:44:00,7.61,0,0,-0.11
2015-09-11 15:49:00,3.5,0,0,-0.11
2015-09-11 15:54:00,8.89,0,0,-0.11
2015-09-11 15:59:00,2.67,0,0,-0.11
2015-09-11 16:04:00,1.56,0,0,-0.11
2015-09-11 16:09:00,5.94,0,0,-0.11
2015-09-11 16:14:00,4.89,0,0,-0.11
2015-09-11 16:19:00,7.11,0,0,-0.11
2015-09-11 16:24:00,6.33,0,0,-0.11
2015-09-11 16:29:00,8.28,0,0,-0.11
2015-09-11 16:34:00,9.28,0,0,-0.11
2015-09-11 16:39:00,6.83,0,0,-0.11
2015-09-11 16:44:00,1.67,0,0,-0.11
2015-09-11 16:49:00,4.67,0,0,-0.11
2015-09-11 16:54:00,4.78,0,0,-0.11
2015-09-11 16:59:00,10.33,0,0,-0.11
2015-09-11 17:04:00,4.67,0,0,-0.11
2015-09-11 17:09:00,3.72,0,0,-0.11
2015-09-11 17:14:00,9.78,0,0,-0.11
2015-09-11 17:19:00,7.61,0,0,-0.11
2015-09-11 17:24:00,6.56,0,0,-0.11
2015-09-11 17:29:00,5.56,0,0,-0.11
2015-09-11 17:34:00,4.78,0,0,-0.11
2015-09-11 17:39:00,7.11,0,0,-0.11
2015-09-11 17:44:00,6.83,0,0,-0.11
2015-09-11 17:49:00,3.06,0,0,-0.11
2015-09-11 17:54:00,5.44,0,0,-0.11
2015-09-11 17:59:00,7.5,0,0,-0.11
2015-09-11 18:04:00,5.83,0,0,-0.11
2015-09-11 18:11:00,5.06,0,0,-0.11
2015-09-11 18:16:00,3.5,0,0,-0.11
2015-09-11 18:21:00,6.33,0,0,-0.11
2015-09-11 18:26:00,3.44,0,0,-0.11
2015-09-11 18:31:00,2.83,0,0,-0.11
2015-09-11 18:36:00,4.5,0,0,-0.11
2015-09-11 18:41:00,1.78,0,0,-0.11
2015-09-11 18:46:00,2.83,0,0,-0.11
2015-09-11 18:51:00,3.72,0,0,-0.11
2015-09-11 18:56:00,3.44,0,0,-0.11
2015-09-11 19:01:00,1.28,0,0,-0.11
2015-09-11 19:06:00,1.67,0,0,-0.11
2015-09-11 19:11:00,3.22,0,0,-0.11
2015-09-11 19:21:00,4.39,0,0,-0.11
2015-09-11 19:31:00,1.94,0,0,-0.11
2015-09-11 19:41:00,3.11,0,0,-0.11
2015-09-11 19:46:00,6.06,0,0,-0.11
2015-09-11 19:51:00,8.39,0,0,-0.11
2015-09-11 20:11:00,1.39,0,0,-0.11
2015-09-11 20:26:00,5.17,0,0,-0.11
2015-09-11 20:31:00,2.44,0,0,-0.11
2015-09-11 20:36:00,7.83,0,0,-0.11
2015-09-11 20:41:00,2.33,0,0,-0.11
2015-09-11 20:46:00,1.39,0,0,-0.11
2015-09-11 20:51:00,2.28,0,0,-0.11
2015-09-11 20:56:00,2.44,0,0,-0.11
2015-09-11 21:01:00,1.39,0,0,-0.11
2015-09-11 21:06:00,0.78,0,0,-0.11
2015-09-11 21:21:00,3.06,0,0,-0.11
2015-09-11 21:26:00,0.78,0,0,-0.11
2015-09-11 21:36:00,1.39,0,0,-0.11
2015-09-11 21:46:00,2.28,0,0,-0.11
2015-09-11 21:51:00,5.06,0,0,-0.11
2015-09-11 22:06:00,2.72,0,0,-0.11
2015-09-11 22:11:00,4.67,0,0,-0.11
2015-09-11 22:21:00,2.06,0,0,-0.11
2015-09-11 22:41:00,3.06,0,0,-0.11
2015-09-11 22:46:00,5.06,0,0,-0.11
2015-09-11 22:56:00,0.78,0,0,-0.11
2015-09-11 23:01:00,2.28,0,0,-0.11
2015-09-11 23:11:00,1.0,0,0,-0.11
2015-09-11 23:16:00,0.78,0,0,-0.11
2015-09-11 23:36:00,1.06,0,0,-0.11
2015-09-11 23:41:00,0.0,0,0,-0.11
2015-09-12 00:11:00,0.78,0,0,-0.11
2015-09-12 00:26:00,3.61,0,0,-0.11
2015-09-12 00:31:00,0.67,0,0,-0.11
2015-09-12 00:41:00,1.67,0,0,-0.11
2015-09-12 00:46:00,0.0,0,0,-0.11
2015-09-12 00:51:00,0.0,0,0,-0.11
2015-09-12 01:01:00,0.89,0,0,-0.11
2015-09-12 01:26:00,0.89,0,0,-0.11
2015-09-12 01:31:00,0.61,0,0,-0.11
2015-09-12 02:21:00,1.67,0,0,-0.11
2015-09-12 02:56:00,2.44,0,0,-0.11
2015-09-12 03:46:00,3.33,0,0,-0.11
2015-09-12 03:56:00,0.5,0,0,-0.11
2015-09-12 04:06:00,0.0,0,0,-0.11
2015-09-12 04:36:00,0.0,0,0,-0.11
2015-09-12 04:41:00,0.22,0,0,-0.11
2015-09-12 04:51:00,1.67,0,0,-0.11
2015-09-12 05:06:00,0.39,0,0,-0.11
2015-09-12 05:21:00,1.39,0,0,-0.11
2015-09-12 05:41:00,1.39,0,0,-0.11
2015-09-12 05:46:00,1.94,0,0,-0.11
2015-09-12 05:56:00,4.11,0,0,-0.11
2015-09-12 06:06:00,1.56,0,0,-0.11
2015-09-12 06:16:00,2.06,0,0,-0.11
2015-09-12 06:26:00,3.61,0,0,-0.11
2015-09-12 06:51:00,0.28,0,0,-0.11
2015-09-12 06:56:00,2.83,0,0,-0.11
2015-09-12 07:01:00,3.61,0,0,-0.11
2015-09-12 07:16:00,5.06,0,0,-0.11
2015-09-12 07:21:00,2.28,0,0,-0.11
2015-09-12 07:31:00,3.06,0,0,-0.11
2015-09-12 07:36:00,2.44,0,0,-0.11
2015-09-12 07:46:00,2.17,0,0,-0.11
2015-09-12 07:51:00,1.67,0,0,-0.11
2015-09-12 07:56:00,5.44,0,0,-0.11
2015-09-12 08:06:00,3.44,0,0,-0.11
2015-09-12 08:11:00,2.72,0,0,-0.11
2015-09-12 08:16:00,3.11,0,0,-0.11
2015-09-12 08:21:00,2.06,0,0,-0.11
2015-09-12 08:26:00,2.06,0,0,-0.11
2015-09-12 08:31:00,2.17,0,0,-0.11
2015-09-12 08:36:00,0.89,0,0,-0.11
2015-09-12 08:46:00,8.61,0,0,-0.11
2015-09-12 08:56:00,2.44,0,0,-0.11
2015-09-12 09:01:00,2.72,0,0,-0.11
2015-09-12 09:06:00,7.11,0,0,-0.11
2015-09-12 09:11:00,2.72,0,0,-0.11
2015-09-12 09:16:00,1.39,0,0,-0.11
2015-09-12 09:21:00,2.67,0,0,-0.11
2015-09-12 09:26:00,1.28,0,0,-0.11
2015-09-12 09:36:00,5.94,0,0,-0.11
2015-09-12 09:41:00,1.94,0,0,-0.11
2015-09-12 09:51:00,2.33,0,0,-0.11
2015-09-12 10:01:00,2.56,0,0,-0.11
2015-09-12 10:06:00,3.22,0,0,-0.11
2015-09-12 10:11:00,3.89,0,0,-0.11
2015-09-12 10:16:00,1.94,0,0,-0.11
2015-09-12 10:21:00,5.28,0,0,-0.11
2015-09-12 10:31:00,3.83,0,0,-0.11
2015-09-12 10:36:00,3.61,0,0,-0.11
2015-09-12 10:41:00,8.61,0,0,-0.11
2015-09-12 10:46:00,12.5,1,0,-0.11
2015-09-12 10:51:00,5.17,0,0,-0.11
2015-09-12 10:56:00,3.33,0,0,-0.11
2015-09-12 11:01:00,4.78,0,0,-0.11
2015-09-12 11:06:00,2.33,0,0,-0.11
2015-09-12 11:11:00,5.39,0,0,-0.11
2015-09-12 11:16:00,6.72,0,0,-0.11
2015-09-12 11:21:00,4.22,0,0,-0.11
2015-09-12 11:26:00,3.11,0,0,-0.11
2015-09-12 11:31:00,8.89,0,0,-0.11
2015-09-12 11:36:00,7.22,0,0,-0.11
2015-09-12 11:46:00,8.78,0,0,-0.11
2015-09-12 11:51:00,11.89,1,0,-0.11
2015-09-12 11:56:00,6.06,0,0,-0.11
2015-09-12 12:01:00,5.78,0,0,-0.11
2015-09-12 12:16:00,3.83,0,0,-0.11
2015-09-12 12:21:00,7.72,0,0,-0.11
2015-09-12 12:26:00,4.78,0,0,-0.11
2015-09-12 12:31:00,6.17,0,0,-0.11
2015-09-12 12:36:00,6.17,0,0,-0.11
2015-09-12 12:41:00,11.11,0,0,-0.11
2015-09-12 12:46:00,5.78,0,0,-0.11
2015-09-12 12:51:00,3.72,0,0,-0.11
2015-09-12 12:56:00,4.67,0,0,-0.11
2015-09-12 13:01:00,5.0,0,0,-0.11
2015-09-12 13:11:00,2.33,0,0,-0.11
2015-09-12 13:16:00,6.28,0,0,-0.11
2015-09-12 13:21:00,6.56,0,0,-0.11
2015-09-12 13:31:00,8.28,0,0,-0.11
2015-09-12 13:41:00,6.83,0,0,-0.11
2015-09-12 13:46:00,4.5,0,0,-0.11
2015-09-12 13:56:00,5.94,0,0,-0.11
2015-09-12 14:01:00,7.22,0,0,-0.11
2015-09-12 14:06:00,4.0,0,0,-0.11
2015-09-12 14:11:00,5.67,0,0,-0.11
2015-09-12 14:16:00,3.89,0,0,-0.11
2015-09-12 14:21:00,5.0,0,0,-0.11
2015-09-12 14:26:00,5.17,0,0,-0.11
2015-09-12 14:31:00,4.22,0,0,-0.11
2015-09-12 14:36:00,8.0,0,0,-0.11
2015-09-12 14:41:00,7.06,0,0,-0.11
2015-09-12 14:46:00,4.67,0,0,-0.11
2015-09-12 14:51:00,6.06,0,0,-0.11
2015-09-12 14:56:00,7.5,0,0,-0.11
2015-09-12 15:01:00,2.17,0,0,-0.11
2015-09-12 15:06:00,6.28,0,0,-0.11
2015-09-12 15:11:00,0.67,0,0,-0.11
2015-09-12 15:21:00,5.39,0,0,-0.11
2015-09-12 15:26:00,5.44,0,0,-0.11
2015-09-12 15:36:00,4.89,0,0,-0.11
2015-09-12 15:41:00,6.83,0,0,-0.11
2015-09-12 15:46:00,8.28,0,0,-0.11
2015-09-12 15:51:00,1.83,0,0,-0.11
2015-09-12 15:56:00,2.33,0,0,-0.11
2015-09-12 16:01:00,6.17,0,0,-0.11
2015-09-12 16:06:00,2.94,0,0,-0.11
2015-09-12 16:11:00,2.72,0,0,-0.11
2015-09-12 16:16:00,3.22,0,0,-0.11
2015-09-12 16:21:00,4.28,0,0,-0.11
2015-09-12 16:26:00,4.22,0,0,-0.11
2015-09-12 16:36:00,3.11,0,0,-0.11
2015-09-12 16:41:00,2.28,0,0,-0.11
2015-09-12 16:46:00,2.06,0,0,-0.11
2015-09-12 16:56:00,2.56,0,0,-0.11
2015-09-12 17:01:00,2.94,0,0,-0.11
2015-09-12 17:06:00,7.89,0,0,-0.11
2015-09-12 17:11:00,1.83,0,0,-0.11
2015-09-12 17:16:00,2.72,0,0,-0.11
2015-09-12 17:21:00,1.78,0,0,-0.11
2015-09-12 17:26:00,2.44,0,0,-0.11
2015-09-12 17:31:00,3.61,0,0,-0.11
2015-09-12 17:36:00,5.67,0,0,-0.11
2015-09-12 17:41:00,3.22,0,0,-0.11
2015-09-12 17:46:00,1.94,0,0,-0.11
2015-09-12 17:51:00,3.72,0,0,-0.11
2015-09-12 17:56:00,3.11,0,0,-0.11
2015-09-12 18:01:00,2.83,0,0,-0.11
2015-09-12 18:06:00,0.0,0,0,-0.11
2015-09-12 18:11:00,3.61,0,0,-0.11
2015-09-12 18:16:00,1.39,0,0,-0.11
2015-09-12 18:21:00,3.33,0,0,-0.11
2015-09-12 18:26:00,2.72,0,0,-0.11
2015-09-12 18:36:00,3.83,0,0,-0.11
2015-09-12 18:41:00,2.17,0,0,-0.11
2015-09-12 18:46:00,1.39,0,0,-0.11
2015-09-12 18:51:00,6.94,0,0,-0.11
2015-09-12 19:01:00,2.67,0,0,-0.11
2015-09-12 19:06:00,1.56,0,0,-0.11
2015-09-12 19:21:00,7.22,0,0,-0.11
2015-09-12 19:31:00,5.39,0,0,-0.11
2015-09-12 19:36:00,5.39,0,0,-0.11
2015-09-12 19:41:00,5.44,0,0,-0.11
2015-09-12 19:51:00,3.44,0,0,-0.11
2015-09-12 19:56:00,3.5,0,0,-0.11
2015-09-12 20:01:00,5.83,0,0,-0.11
2015-09-12 20:11:00,3.72,0,0,-0.11
2015-09-12 20:21:00,0.67,0,0,-0.11
2015-09-12 20:31:00,4.89,0,0,-0.11
2015-09-12 20:36:00,2.17,0,0,-0.11
2015-09-12 20:46:00,1.94,0,0,-0.11
2015-09-12 21:01:00,7.22,0,0,-0.11
2015-09-12 21:06:00,3.5,0,0,-0.11
2015-09-12 21:11:00,2.94,0,0,-0.11
2015-09-12 21:16:00,6.17,0,0,-0.11
2015-09-12 21:21:00,3.5,0,0,-0.11
2015-09-12 21:26:00,0.28,0,0,-0.11
2015-09-12 21:31:00,1.39,0,0,-0.11
2015-09-12 21:46:00,0.61,0,0,-0.11
2015-09-12 21:56:00,4.22,0,0,-0.11
2015-09-12 22:11:00,0.61,0,0,-0.11
2015-09-12 22:16:00,5.28,0,0,-0.11
2015-09-12 22:21:00,2.33,0,0,-0.11
2015-09-12 22:26:00,1.94,0,0,-0.11
2015-09-12 22:36:00,0.61,0,0,-0.11
2015-09-12 22:41:00,2.33,0,0,-0.11
2015-09-12 22:46:00,2.72,0,0,-0.11
2015-09-12 22:56:00,2.28,0,0,-0.11
2015-09-12 23:01:00,3.11,0,0,-0.11
2015-09-12 23:11:00,0.89,0,0,-0.11
2015-09-12 23:26:00,1.94,0,0,-0.11
2015-09-12 23:31:00,0.67,0,0,-0.11
2015-09-12 23:41:00,2.44,0,0,-0.11
2015-09-12 23:51:00,1.56,0,0,-0.11
2015-09-13 00:16:00,0.67,0,0,-0.11
2015-09-13 00:21:00,1.06,0,0,-0.11
2015-09-13 00:26:00,2.06,0,0,-0.11
2015-09-13 02:21:00,1.83,0,0,-0.11
2015-09-13 02:26:00,1.17,0,0,-0.11
2015-09-13 02:36:00,0.78,0,0,-0.11
2015-09-13 02:56:00,1.06,0,0,-0.11
2015-09-13 04:41:00,0.89,0,0,-0.11
2015-09-13 04:46:00,0.61,0,0,-0.11
2015-09-13 04:51:00,0.89,0,0,-0.11
2015-09-13 05:21:00,0.39,0,0,-0.11
2015-09-13 06:11:00,1.17,0,0,-0.11
2015-09-13 06:21:00,1.17,0,0,-0.11
2015-09-13 06:41:00,1.28,0,0,-0.11
2015-09-13 06:46:00,1.78,0,0,-0.11
2015-09-13 06:51:00,0.89,0,0,-0.11
2015-09-13 07:11:00,1.83,0,0,-0.11
2015-09-13 07:16:00,1.28,0,0,-0.11
2015-09-13 07:21:00,4.28,0,0,-0.11
2015-09-13 07:36:00,0.39,0,0,-0.11
2015-09-13 07:46:00,3.33,0,0,-0.11
2015-09-13 07:56:00,0.0,0,0,-0.11
2015-09-13 08:01:00,2.28,0,0,-0.11
2015-09-13 08:16:00,0.22,0,0,-0.11
2015-09-13 08:31:00,2.33,0,0,-0.11
2015-09-13 08:41:00,1.56,0,0,-0.11
2015-09-13 08:56:00,3.61,0,0,-0.11
2015-09-13 09:06:00,3.22,0,0,-0.11
2015-09-13 09:11:00,1.28,0,0,-0.11
2015-09-13 09:16:00,2.67,0,0,-0.11
2015-09-13 09:31:00,2.94,0,0,-0.11
2015-09-13 09:36:00,4.22,0,0,-0.11
2015-09-13 09:46:00,4.0,0,0,-0.11
2015-09-13 09:51:00,1.78,0,0,-0.11
2015-09-13 10:01:00,0.5,0,0,-0.11
2015-09-13 10:06:00,3.5,0,0,-0.11
2015-09-13 10:11:00,3.33,0,0,-0.11
2015-09-13 10:16:00,8.22,0,0,-0.11
2015-09-13 10:21:00,4.39,0,0,-0.11
2015-09-13 10:26:00,2.44,0,0,-0.11
2015-09-13 10:31:00,4.0,0,0,-0.11
2015-09-13 10:36:00,7.11,0,0,-0.11
2015-09-13 10:41:00,5.39,0,0,-0.11
2015-09-13 10:46:00,2.06,0,0,-0.11
2015-09-13 10:51:00,7.72,0,0,-0.11
2015-09-13 10:56:00,1.78,0,0,-0.11
2015-09-13 11:06:00,6.94,0,0,-0.11
2015-09-13 11:11:00,4.67,0,0,-0.11
2015-09-13 11:16:00,6.56,0,0,-0.11
2015-09-13 11:26:00,7.89,0,0,-0.11
2015-09-13 11:31:00,9.28,0,0,-0.11
2015-09-13 11:36:00,5.0,0,0,-0.11
2015-09-13 11:41:00,3.89,0,0,-0.11
2015-09-13 11:46:00,1.78,0,0,-0.11
2015-09-13 11:51:00,4.67,0,0,-0.11
2015-09-13 11:56:00,4.39,0,0,-0.11
2015-09-13 12:01:00,6.83,0,0,-0.11
2015-09-13 12:06:00,5.94,0,0,-0.11
2015-09-13 12:11:00,4.61,0,0,-0.11
2015-09-13 12:16:00,8.11,0,0,-0.11
2015-09-13 12:21:00,4.0,0,0,-0.11
2015-09-13 12:26:00,10.72,0,0,-0.11
2015-09-13 12:31:00,2.44,0,0,-0.11
2015-09-13 12:41:00,3.72,0,0,-0.11
2015-09-13 12:46:00,8.22,0,0,-0.11
2015-09-13 12:53:00,2.67,0,0,-0.11
2015-09-13 12:58:00,7.06,0,0,-0.11
2015-09-13 13:03:00,13.28,1,0,-0.11
2015-09-13 13:08:00,5.0,0,0,-0.11
2015-09-13 13:13:00,8.39,0,0,-0.11
2015-09-13 13:18:00,8.89,0,0,-0.11
2015-09-13 13:23:00,7.33,0,0,-0.11
2015-09-13 13:33:00,12.28,0,0,-0.11
2015-09-13 13:38:00,11.33,0,0,-0.11
2015-09-13 13:43:00,6.28,0,0,-0.11
2015-09-13 13:48:00,6.17,0,0,-0.11
2015-09-13 13:53:00,9.06,0,0,-0.11
2015-09-13 13:58:00,4.22,0,0,-0.11
2015-09-13 14:03:00,6.83,0,0,-0.11
2015-09-13 14:13:00,7.72,0,0,-0.11
2015-09-13 14:18:00,7.11,0,0,-0.11
2015-09-13 14:28:00,3.5,0,0,-0.11
2015-09-13 14:38:00,4.28,0,0,-0.11
2015-09-13 14:43:00,7.44,0,0,-0.11
2015-09-13 14:48:00,5.94,0,0,-0.11
2015-09-13 14:53:00,5.17,0,0,-0.11
2015-09-13 15:03:00,10.83,0,0,-0.11
2015-09-13 15:13:00,2.56,0,0,-0.11
2015-09-13 15:18:00,8.11,0,0,-0.11
2015-09-13 15:23:00,10.67,0,0,-0.11
2015-09-13 15:28:00,6.56,0,0,-0.11
2015-09-13 15:33:00,8.22,0,0,-0.11
2015-09-13 15:43:00,9.83,0,0,-0.11
2015-09-13 15:48:00,5.67,0,0,-0.11
2015-09-13 15:53:00,6.83,0,0,-0.11
2015-09-13 15:58:00,7.33,0,0,-0.11
2015-09-13 16:03:00,7.06,0,0,-0.11
2015-09-13 16:08:00,7.11,0,0,-0.11
2015-09-13 16:13:00,3.83,0,0,-0.11
2015-09-13 16:18:00,5.83,0,0,-0.11
2015-09-13 16:23:00,11.06,0,0,-0.11
2015-09-13 16:28:00,11.83,0,0,-0.11
2015-09-13 16:33:00,6.06,0,0,-0.11
2015-09-13 16:38:00,6.56,0,0,-0.11
2015-09-13 16:43:00,8.61,0,0,-0.11
2015-09-13 16:48:00,8.67,0,0,-0.11
2015-09-13 16:58:00,8.78,0,0,-0.11
2015-09-13 17:03:00,9.28,0,0,-0.11
2015-09-13 17:08:00,9.0,0,0,-0.11
2015-09-13 17:13:00,9.44,0,0,-0.11
2015-09-13 17:18:00,5.17,0,0,-0.11
2015-09-13 17:23:00,4.28,0,0,-0.11
2015-09-13 17:28:00,2.94,0,0,-0.11
2015-09-13 17:33:00,10.17,0,0,-0.11
2015-09-13 17:38:00,10.67,0,0,-0.11
2015-09-13 17:43:00,6.72,0,0,-0.11
2015-09-13 17:48:00,10.06,0,0,-0.11
2015-09-13 17:53:00,5.28,0,0,-0.11
2015-09-13 17:58:00,5.56,0,0,-0.11
2015-09-13 18:03:00,5.17,0,0,-0.11
2015-09-13 18:08:00,10.67,0,0,-0.11
2015-09-13 18:13:00,5.06,0,0,-0.11
2015-09-13 18:18:00,3.11,0,0,-0.11
2015-09-13 18:23:00,10.72,0,0,-0.11
2015-09-13 18:28:00,7.22,0,0,-0.11
2015-09-13 18:33:00,5.0,0,0,-0.11
2015-09-13 18:38:00,10.67,0,0,-0.11
2015-09-13 18:43:00,1.67,0,0,-0.11
2015-09-13 18:48:00,5.56,0,0,-0.11
2015-09-13 18:53:00,10.28,0,0,-0.11
2015-09-13 18:58:00,11.06,0,0,-0.11
2015-09-13 19:03:00,5.44,0,0,-0.11
2015-09-13 19:13:00,4.89,0,0,-0.11
2015-09-13 19:18:00,10.28,0,0,-0.11
2015-09-13 19:23:00,6.67,0,0,-0.11
2015-09-13 19:33:00,0.67,0,0,-0.11
2015-09-13 19:38:00,5.17,0,0,-0.11
2015-09-13 19:43:00,4.0,0,0,-0.11
2015-09-13 19:48:00,2.56,0,0,-0.11
2015-09-13 19:53:00,2.67,0,0,-0.11
2015-09-13 19:58:00,4.11,0,0,-0.11
2015-09-13 20:03:00,4.11,0,0,-0.11
2015-09-13 20:08:00,7.61,0,0,-0.11
2015-09-13 20:13:00,3.11,0,0,-0.11
2015-09-13 20:18:00,9.0,0,0,-0.11
2015-09-13 20:28:00,2.44,0,0,-0.11
2015-09-13 20:33:00,2.67,0,0,-0.11
2015-09-13 20:38:00,2.94,0,0,-0.11
2015-09-13 20:48:00,1.39,0,0,-0.11
2015-09-13 20:53:00,2.67,0,0,-0.11
2015-09-13 20:58:00,1.17,0,0,-0.11
2015-09-13 21:03:00,3.22,0,0,-0.11
2015-09-13 21:08:00,1.44,0,0,-0.11
2015-09-13 21:13:00,2.06,0,0,-0.11
2015-09-13 21:18:00,1.44,0,0,-0.11
2015-09-13 21:43:00,3.06,0,0,-0.11
2015-09-13 22:03:00,1.44,0,0,-0.11
2015-09-13 22:13:00,3.44,0,0,-0.11
2015-09-13 22:28:00,1.67,0,0,-0.11
2015-09-13 22:33:00,1.44,0,0,-0.11
2015-09-13 22:38:00,1.67,0,0,-0.11
2015-09-13 22:43:00,0.22,0,0,-0.11
2015-09-13 22:48:00,0.28,0,0,-0.11
2015-09-13 22:58:00,2.44,0,0,-0.11
2015-09-13 23:03:00,0.67,0,0,-0.11
2015-09-13 23:13:00,0.78,0,0,-0.11
2015-09-13 23:18:00,1.0,0,0,-0.11
2015-09-13 23:28:00,0.39,0,0,-0.11
2015-09-13 23:33:00,0.67,0,0,-0.11
2015-09-13 23:38:00,0.78,0,0,-0.11
2015-09-13 23:48:00,1.06,0,0,-0.11
2015-09-13 23:59:00,0.67,0,0,-0.11
2015-09-14 00:03:00,2.94,0,0,-0.11
2015-09-14 00:18:00,0.78,0,0,-0.11
2015-09-14 00:33:00,0.39,0,0,-0.11
2015-09-14 01:08:00,2.28,0,0,-0.11
2015-09-14 01:33:00,3.5,0,0,-0.11
2015-09-14 01:53:00,0.89,0,0,-0.11
2015-09-14 01:58:00,0.28,0,0,-0.11
2015-09-14 02:08:00,0.0,0,0,-0.11
2015-09-14 02:23:00,0.67,0,0,-0.11
2015-09-14 02:28:00,1.28,0,0,-0.11
2015-09-14 02:33:00,1.06,0,0,-0.11
2015-09-14 02:48:00,0.5,0,0,-0.11
2015-09-14 02:53:00,0.78,0,0,-0.11
2015-09-14 03:18:00,0.78,0,0,-0.11
2015-09-14 03:33:00,0.78,0,0,-0.11
2015-09-14 03:38:00,0.0,0,0,-0.11
2015-09-14 03:43:00,1.0,0,0,-0.11
2015-09-14 03:48:00,0.0,0,0,-0.11
2015-09-14 04:03:00,0.61,0,0,-0.11
2015-09-14 04:08:00,0.22,0,0,-0.11
2015-09-14 04:23:00,0.39,0,0,-0.11
2015-09-14 04:28:00,1.06,0,0,-0.11
2015-09-14 04:43:00,1.44,0,0,-0.11
2015-09-14 04:48:00,0.78,0,0,-0.11
2015-09-14 04:53:00,4.5,0,0,-0.11
2015-09-14 04:58:00,2.33,0,0,-0.11
2015-09-14 05:03:00,1.67,0,0,-0.11
2015-09-14 05:08:00,3.33,0,0,-0.11
2015-09-14 05:13:00,5.44,0,0,-0.11
2015-09-14 05:18:00,2.94,0,0,-0.11
2015-09-14 05:23:00,10.33,1,0,-0.11
2015-09-14 05:28:00,6.56,0,0,-0.11
2015-09-14 05:33:00,5.28,0,0,-0.11
2015-09-14 05:38:00,6.17,0,0,-0.11
2015-09-14 05:43:00,8.39,0,0,-0.11
2015-09-14 05:48:00,3.72,0,0,-0.11
2015-09-14 05:53:00,5.83,0,0,-0.11
2015-09-14 05:58:00,8.22,0,0,-0.11
2015-09-14 06:03:00,9.0,0,0,-0.11
2015-09-14 06:08:00,16.72,1,0,-0.11
2015-09-14 06:13:00,10.33,0,0,-0.11
2015-09-14 06:18:00,8.5,0,0,-0.11
2015-09-14 06:23:00,13.56,1,0,-0.11
2015-09-14 06:28:00,18.33,1,0,-0.11
2015-09-14 06:33:00,9.83,0,0,-0.11
2015-09-14 06:38:00,9.06,0,0,-0.11
2015-09-14 06:43:00,17.11,1,0,-0.11
2015-09-14 08:23:00,9.83,0,0,-0.11
2015-09-14 08:28:00,8.0,0,0,-0.11
2015-09-14 08:33:00,8.78,0,0,-0.11
2015-09-14 08:38:00,9.28,0,0,-0.11
2015-09-14 08:43:00,4.28,0,0,-0.11
2015-09-14 08:48:00,6.44,0,0,-0.11
2015-09-14 08:53:00,3.83,0,0,-0.11
2015-09-14 08:58:00,7.5,0,0,-0.11
2015-09-14 09:03:00,1.06,0,0,-0.11
2015-09-14 09:08:00,1.17,0,0,-0.11
2015-09-14 09:13:00,6.72,0,0,-0.11
2015-09-14 09:23:00,3.33,0,0,-0.11
2015-09-14 09:28:00,2.44,0,0,-0.11
2015-09-14 09:33:00,5.83,0,0,-0.11
2015-09-14 09:38:00,5.28,0,0,-0.11
2015-09-14 09:43:00,4.61,0,0,-0.11
2015-09-14 09:48:00,3.06,0,0,-0.11
2015-09-14 09:53:00,1.17,0,0,-0.11
2015-09-14 09:58:00,2.28,0,0,-0.11
2015-09-14 10:03:00,4.11,0,0,-0.11
2015-09-14 10:08:00,2.72,0,0,-0.11
2015-09-14 10:13:00,3.5,0,0,-0.11
2015-09-14 10:18:00,2.17,0,0,-0.11
2015-09-14 10:23:00,6.83,0,0,-0.11
2015-09-14 10:28:00,8.61,0,0,-0.11
2015-09-14 10:33:00,1.83,0,0,-0.11
2015-09-14 10:38:00,4.5,0,0,-0.11
2015-09-14 10:43:00,5.06,0,0,-0.11
2015-09-14 10:48:00,4.89,0,0,-0.11
2015-09-14 10:53:00,1.78,0,0,-0.11
2015-09-14 10:58:00,2.44,0,0,-0.11
2015-09-14 11:03:00,2.44,0,0,-0.11
2015-09-14 11:23:00,4.0,0,0,-0.11
2015-09-14 11:33:00,4.22,0,0,-0.11
2015-09-14 11:38:00,3.33,0,0,-0.11
2015-09-14 11:48:00,4.11,0,0,-0.11
2015-09-14 11:53:00,5.0,0,0,-0.11
2015-09-14 11:58:00,1.67,0,0,-0.11
2015-09-14 12:03:00,1.0,0,0,-0.11
2015-09-14 12:08:00,3.72,0,0,-0.11
2015-09-14 12:13:00,4.61,0,0,-0.11
2015-09-14 12:18:00,2.06,0,0,-0.11
2015-09-14 12:23:00,5.39,0,0,-0.11
2015-09-14 12:28:00,5.0,0,0,-0.11
2015-09-14 12:33:00,4.5,0,0,-0.11
2015-09-14 12:38:00,2.17,0,0,-0.11
2015-09-14 12:43:00,1.06,0,0,-0.11
2015-09-14 12:48:00,7.44,0,0,-0.11
2015-09-14 13:03:00,1.83,0,0,-0.11
2015-09-14 13:08:00,3.72,0,0,-0.11
2015-09-14 13:13:00,2.94,0,0,-0.11
2015-09-14 13:15:00,3.61,0,0,-0.11
2015-09-14 13:20:00,2.17,0,0,-0.11
2015-09-14 13:25:00,7.11,0,0,-0.11
2015-09-14 13:35:00,3.06,0,0,-0.11
2015-09-14 13:40:00,3.22,0,0,-0.11
2015-09-14 13:45:00,6.17,0,0,-0.11
2015-09-14 13:55:00,4.5,0,0,-0.11
2015-09-14 14:00:00,4.28,0,0,-0.11
2015-09-14 14:05:00,4.39,0,0,-0.11
2015-09-14 14:10:00,7.33,0,0,-0.11
2015-09-14 14:15:00,5.0,0,0,-0.11
2015-09-14 14:20:00,2.28,0,0,-0.11
2015-09-14 14:25:00,4.22,0,0,-0.11
2015-09-14 14:30:00,1.28,0,0,-0.11
2015-09-14 14:35:00,6.56,0,0,-0.11
2015-09-14 14:40:00,5.0,0,0,-0.11
2015-09-14 14:45:00,5.17,0,0,-0.11
2015-09-14 14:50:00,5.06,0,0,-0.11
2015-09-14 14:55:00,4.78,0,0,-0.11
2015-09-14 15:00:00,1.83,0,0,-0.11
2015-09-14 15:05:00,4.39,0,0,-0.11
2015-09-14 15:10:00,5.94,0,0,-0.11
2015-09-14 15:15:00,6.44,0,0,-0.11
2015-09-14 15:20:00,1.28,0,0,-0.11
2015-09-14 15:25:00,2.06,0,0,-0.11
2015-09-14 15:30:00,1.94,0,0,-0.11
2015-09-14 15:35:00,5.56,0,0,-0.11
2015-09-14 15:40:00,4.78,0,0,-0.11
2015-09-14 15:45:00,3.33,0,0,-0.11
2015-09-14 15:50:00,3.22,0,0,-0.11
2015-09-14 15:55:00,3.11,0,0,-0.11
2015-09-14 16:00:00,3.72,0,0,-0.11
2015-09-14 16:05:00,3.11,0,0,-0.11
2015-09-14 16:10:00,3.22,0,0,-0.11
2015-09-14 16:15:00,3.11,0,0,-0.11
2015-09-14 16:20:00,2.17,0,0,-0.11
2015-09-14 16:25:00,6.06,0,0,-0.11
2015-09-14 16:30:00,1.83,0,0,-0.11
2015-09-14 16:35:00,2.72,0,0,-0.11
2015-09-14 16:40:00,3.72,0,0,-0.11
2015-09-14 16:45:00,2.33,0,0,-0.11
2015-09-14 16:50:00,6.72,0,0,-0.11
2015-09-14 16:55:00,5.06,0,0,-0.11
2015-09-14 17:00:00,4.28,0,0,-0.11
2015-09-14 17:10:00,4.11,0,0,-0.11
2015-09-14 17:15:00,6.44,0,0,-0.11
2015-09-14 17:20:00,5.67,0,0,-0.11
2015-09-14 17:25:00,7.5,0,0,-0.11
2015-09-14 17:30:00,5.17,0,0,-0.11
2015-09-14 17:35:00,3.22,0,0,-0.11
2015-09-14 17:40:00,2.94,0,0,-0.11
2015-09-14 17:45:00,3.11,0,1,1.0
2015-09-14 17:50:00,4.67,0,1,0.9997151352505116
2015-09-14 17:55:00,1.56,0,1,0.9994243313755512
2015-09-14 18:00:00,3.11,0,1,0.999127466332713
2015-09-14 18:05:00,1.17,0,1,0.9988244156473273
2015-09-14 18:10:00,3.83,0,1,0.9985150523672015
2015-09-14 18:15:00,5.78,0,1,0.9981992470166581
2015-09-14 18:20:00,3.5,0,1,0.9978768675498668
2015-09-14 18:25:00,2.06,0,1,0.9975477793034607
2015-09-14 18:30:00,1.56,0,1,0.9972118449484391
2015-09-14 18:35:00,2.94,0,1,0.9968689244413491
2015-09-14 18:45:00,2.94,0,1,0.9965188749747433
2015-09-14 18:50:00,5.44,0,1,0.9961615509269132
2015-09-14 18:55:00,3.61,0,1,0.9957968038108908
2015-09-14 19:01:00,1.78,0,1,0.9954244822227203
2015-09-14 19:05:00,1.39,0,1,0.9950444317889997
2015-09-14 19:10:00,2.33,0,1,0.9946564951136857
2015-09-14 19:15:00,1.83,0,1,0.9942605117241631
2015-09-14 19:20:00,2.72,0,1,0.9938563180165851
2015-09-14 19:30:00,0.89,0,1,0.9934437472004733
2015-09-14 19:35:00,1.39,0,1,0.9930226292425904
2015-09-14 19:40:00,2.44,0,1,0.9925927908100793
2015-09-14 19:45:00,1.78,0,1,0.9921540552128715
2015-09-14 19:50:00,4.67,0,1,0.9917062423453771
2015-09-14 19:55:00,3.11,0,1,0.9912491686274456
2015-09-14 20:05:00,1.94,0,1,0.990782646944615
2015-09-14 20:10:00,2.44,0,1,0.9903064865876496
2015-09-14 20:15:00,1.78,0,1,0.9898204931913714
2015-09-14 20:20:00,1.28,0,1,0.989324468672796
2015-09-14 20:25:00,1.39,0,1,0.988818211168579
2015-09-14 20:30:00,1.78,0,1,0.9883015149717853
2015-09-14 20:50:00,1.78,0,1,0.987774170467986
2015-09-14 20:55:00,1.56,0,1,0.9872359640707022
2015-09-14 20:59:00,2.56,0,1,0.9866866781562023
2015-09-14 21:05:00,2.33,0,1,0.986126090997668
2015-09-14 21:10:00,2.33,0,1,0.9855539766987488
2015-09-14 21:25:00,4.61,0,1,0.9849701051265145
2015-09-14 21:35:00,0.5,0,1,0.9843742418438306
2015-09-14 21:45:00,2.17,0,1,0.9837661480411692
2015-09-14 21:50:00,0.89,0,1,0.9831455804678848
2015-09-14 21:55:00,1.94,0,1,0.9825122913629688
2015-09-14 22:01:00,1.17,0,1,0.9818660283853143
2015-09-14 22:06:00,1.06,0,1,0.9812065345435108
2015-09-14 22:11:00,1.0,0,1,0.9805335481252044
2015-09-14 22:16:00,2.33,0,1,0.9798468026260446
2015-09-14 22:21:00,0.67,0,1,0.979146026678256
2015-09-14 22:25:00,2.06,0,1,0.9784309439788638
2015-09-14 22:30:00,1.17,0,1,0.9777012732176146
2015-09-14 22:40:00,0.61,0,1,0.9769567280046247
2015-09-14 23:01:00,1.0,0,1,0.9761970167977974
2015-09-14 23:06:00,0.78,0,1,0.9754218428300563
2015-09-14 23:11:00,0.67,0,1,0.974630904036433
2015-09-14 23:15:00,0.39,0,1,0.9738238929810631
2015-09-14 23:26:00,0.28,0,1,0.9730004967841357
2015-09-14 23:31:00,0.89,0,1,0.9721603970488527
2015-09-14 23:36:00,0.61,0,1,0.9713032697884518
2015-09-14 23:41:00,0.39,0,1,0.9704287853533533
2015-09-14 23:51:00,0.39,0,1,0.9695366083584895
2015-09-14 23:56:00,1.67,0,1,0.9686263976108876
2015-09-15 00:06:00,1.0,0,1,0.9676978060375673
2015-09-15 00:11:00,0.0,0,1,0.9667504806138277
2015-09-15 00:16:00,0.0,0,1,0.9657840622919985
2015-09-15 00:20:00,1.67,0,1,0.964798185930736
2015-09-15 00:40:00,0.5,0,1,0.9637924802249372
2015-09-15 00:56:00,2.17,0,1,0.9627665676363715
2015-09-15 01:10:00,0.89,0,1,0.9617200643251055
2015-09-15 01:15:00,0.61,0,1,0.9606525800818276
2015-09-15 01:25:00,0.0,0,1,0.9595637182611583
2015-09-15 01:35:00,0.39,0,1,0.9584530757160552
2015-09-15 01:40:00,0.78,0,1,0.9573202427334198
2015-09-15 01:45:00,1.0,0,1,0.9561648029710125
2015-09-15 01:50:00,0.89,0,1,0.9549863333957932
2015-09-15 01:55:00,0.28,0,1,0.9537844042238078
2015-09-15 02:06:00,0.0,0,1,0.952558578861744
2015-09-15 02:11:00,0.78,0,1,0.9513084138502904
2015-09-15 02:31:00,0.0,0,1,0.9500334588094254
2015-09-15 02:41:00,1.0,0,1,0.9487332563857837
2015-09-15 02:56:00,2.44,0,1,0.9474073422022423
2015-09-15 03:01:00,0.89,0,1,0.9460552448098749
2015-09-15 03:10:00,0.67,0,1,0.9446764856424326
2015-09-15 03:20:00,0.28,0,1,0.9432705789735133
2015-09-15 03:25:00,0.28,0,1,0.9418370318765805
2015-09-15 03:30:00,0.61,0,1,0.9403753441880152
2015-09-15 03:40:00,0.78,0,1,0.9388850084733665
2015-09-15 03:45:00,1.06,0,1,0.9373655099969972
2015-09-15 03:50:00,1.17,0,1,0.9358163266953051
2015-09-15 04:01:00,1.39,0,1,0.9342369291537247
2015-09-15 04:06:00,1.28,0,1,0.9326267805877041
2015-09-15 04:10:00,1.0,0,1,0.9309853368278707
2015-09-15 04:16:00,1.0,0,1,0.9293120463096016
2015-09-15 04:21:00,1.67,0,1,0.9276063500672146
2015-09-15 04:26:00,2.28,0,1,0.9258676817330103
2015-09-15 04:31:00,0.78,0,1,0.9240954675414017
2015-09-15 04:35:00,0.61,0,1,0.9222891263383645
2015-09-15 04:46:00,2.06,0,1,0.9204480695964604
2015-09-15 04:51:00,2.28,0,1,0.9185717014356842
2015-09-15 04:55:00,3.44,0,1,0.9166594186503914
2015-09-15 05:01:00,3.11,0,1,0.9147106107425721
2015-09-15 05:05:00,2.67,0,1,0.9127246599617436
2015-09-15 05:10:00,3.33,0,1,0.9107009413517392
2015-09-15 05:15:00,3.61,0,1,0.9086388228046718
2015-09-15 05:20:00,3.72,0,1,0.906537665122365
2015-09-15 05:26:00,8.22,0,1,0.9043968220855442
2015-09-15 05:31:00,8.28,0,1,0.9022156405310882
2015-09-15 05:36:00,5.06,0,1,0.899993460437647
2015-09-15 05:46:00,3.89,0,1,0.8977296150199318
2015-09-15 05:51:00,2.56,0,1,0.8954234308319979
2015-09-15 05:55:00,7.33,0,1,0.8930742278798368
2015-09-15 06:00:00,9.83,1,1,0.8906813197435972
2015-09-15 06:05:00,8.78,0,1,0.8882440137097727
2015-09-15 06:10:00,11.72,1,1,0.8857616109136768
2015-09-15 06:16:00,14.28,1,1,0.8832334064925423
2015-09-15 06:20:00,9.94,0,1,0.880658689749588
2015-09-15 06:25:00,13.94,1,1,0.8780367443293815
2015-09-15 06:30:00,14.17,1,1,0.8753668484048484
2015-09-15 06:35:00,11.11,0,1,0.8726482748762621
2015-09-15 06:41:00,17.94,1,1,0.8698802915825645
2015-09-15 06:45:00,7.61,0,1,0.8670621615253519
2015-09-15 06:50:00,6.67,0,1,0.8641931431058759
2015-09-15 06:55:00,22.28,1,1,0.8612724903753929
2015-09-15 07:00:00,13.78,1,1,0.8582994532992085
2015-09-15 07:06:00,14.17,1,1,0.8552732780347404
2015-09-15 07:11:00,15.94,1,1,0.8521932072239476
2015-09-15 07:16:00,8.61,0,1,0.8490584803004367
2015-09-15 07:21:00,17.39,1,1,0.8458683338115774
2015-09-15 07:26:00,13.39,0,1,0.8426220017559383
2015-09-15 07:31:00,9.83,0,1,0.8393187159363497
2015-09-15 07:36:00,12.28,0,1,0.8359577063288931
2015-09-15 07:41:00,14.44,0,1,0.8325382014681072
2015-09-15 07:46:00,9.83,0,1,0.8290594288486809
2015-09-15 07:51:00,10.17,0,1,0.8255206153439104
2015-09-15 07:56:00,9.56,0,1,0.8219209876411608
2015-09-15 08:01:00,8.89,0,1,0.8182597726945763
2015-09-15 08:06:00,8.67,0,1,0.8145361981952537
2015-09-15 08:11:00,4.0,0,1,0.8107494930590907
2015-09-15 08:16:00,8.39,0,1,0.8068988879324783
2015-09-15 08:21:00,12.78,0,1,0.8029836157160196
2015-09-15 08:26:00,6.33,0,1,0.7990029121063937
2015-09-15 08:31:00,3.44,0,1,0.7949560161565007
2015-09-15 08:36:00,4.5,0,1,0.7908421708539671
2015-09-15 08:41:00,3.89,0,1,0.7866606237180797
2015-09-15 08:46:00,5.83,0,1,0.782410627415182
2015-09-15 08:51:00,4.78,0,1,0.7780914403925411
2015-09-15 08:56:00,5.78,0,1,0.7737023275306506
2015-09-15 09:01:00,5.39,0,1,0.7692425608139126
2015-09-15 09:06:00,4.11,0,1,0.764711420019602
2015-09-15 09:11:00,1.94,1,1,0.7601081934249706
2015-09-15 09:16:00,5.67,0,1,0.7554321785323235
2015-09-15 09:21:00,3.72,0,1,0.7506826828118452
2015-09-15 09:26:00,7.89,0,1,0.7458590244619219
2015-09-15 09:31:00,5.56,0,1,0.7409605331866478
2015-09-15 09:36:00,4.22,0,1,0.7359865509901701
2015-09-15 09:41:00,4.11,0,1,0.730936432987473
2015-09-15 09:46:00,13.28,0,1,0.7258095482311486
2015-09-15 09:51:00,4.61,0,1,0.7206052805536522
2015-09-15 10:01:00,0.22,1,1,0.7153230294244952
2015-09-15 10:06:00,7.89,0,1,0.7099622108217569
2015-09-15 10:11:00,5.0,0,1,0.7045222581172584
2015-09-15 10:21:00,0.89,0,1,0.6990026229746711
2015-09-15 10:31:00,2.17,0,1,0.6934027762597798
2015-09-15 10:36:00,3.11,0,1,0.6877222089620612
2015-09-15 10:41:00,2.72,0,1,0.6819604331266766
2015-09-15 10:46:00,6.44,0,1,0.6761169827959118
2015-09-15 10:51:00,3.89,0,1,0.6701914149590417
2015-09-15 11:01:00,5.28,0,1,0.6641833105095357
2015-09-15 11:06:00,2.17,0,1,0.6580922752084426
2015-09-15 11:11:00,7.83,0,1,0.6519179406527503
2015-09-15 11:16:00,4.39,0,1,0.6456599652474361
2015-09-15 11:21:00,3.72,0,1,0.6393180351798694
2015-09-15 11:26:00,1.67,0,1,0.6328918653951625
2015-09-15 11:31:00,4.22,0,1,0.6263812005710017
2015-09-15 11:36:00,6.28,0,1,0.6197858160904369
2015-09-15 11:41:00,1.39,0,1,0.6131055190110339
2015-09-15 11:46:00,3.5,0,1,0.6063401490287548
2015-09-15 11:51:00,3.89,0,1,0.5994895794348545
2015-09-15 11:56:00,4.39,0,1,0.5925537180640409
2015-09-15 12:01:00,1.78,0,1,0.5855325082320911
2015-09-15 12:06:00,2.83,0,1,0.5784259296610542
2015-09-15 12:11:00,1.39,0,1,0.5712339993901469
2015-09-15 12:16:00,2.67,0,1,0.5639567726703762
2015-09-15 12:21:00,2.44,0,1,0.5565943438409106
2015-09-15 12:26:00,6.83,0,1,0.5491468471851592
2015-09-15 12:31:00,4.61,0,1,0.5416144577645066
2015-09-15 12:36:00,3.72,0,1,0.5339973922276064
2015-09-15 12:46:00,1.06,0,1,0.5262959095931246
2015-09-15 12:51:00,3.72,0,1,0.5185103120037956
2015-09-15 12:56:00,2.28,0,1,0.5106409454496512
2015-09-15 13:01:00,1.67,0,1,0.5026882004582632
2015-09-15 13:06:00,2.28,0,1,0.4946525127498455
2015-09-15 13:11:00,4.67,0,1,0.4865343638550667
2015-09-15 13:16:00,3.06,0,1,0.4783342816934285
2015-09-15 13:21:00,2.72,0,1,0.4700528411100897
2015-09-15 13:26:00,3.72,0,1,0.46169066436903083
2015-09-15 13:31:00,6.44,0,1,0.45324842160049744
2015-09-15 13:36:00,1.56,0,1,0.44472683120068396
2015-09-15 13:46:00,2.28,0,1,0.43612666018167623
2015-09-15 13:51:00,1.94,0,1,0.42744872446972215
2015-09-15 13:54:00,0.61,0,1,0.41869388914995315
2015-09-15 13:59:00,4.61,0,1,0.4098630686557577
2015-09-15 14:04:00,8.11,0,1,0.4009572269010737
2015-09-15 14:09:00,2.83,0,1,0.3919773773539608
2015-09-15 14:14:00,4.89,0,1,0.3829245830498922
2015-09-15 14:19:00,5.06,0,1,0.37379995654331355
2015-09-15 14:24:00,4.0,0,1,0.3646046597961214
2015-09-15 14:29:00,5.28,0,1,0.3553399040018184
2015-09-15 14:34:00,5.06,0,1,0.34600694934423554
2015-09-15 14:39:00,2.67,0,1,0.3366071046898277
2015-09-15 14:44:00,2.83,0,1,0.32714172721268703
2015-09-15 14:49:00,4.5,0,1,0.3176122219515611
2015-09-15 14:54:00,2.33,0,1,0.3080200412982996
2015-09-15 15:04:00,5.17,0,1,0.29836668441731773
2015-09-15 15:09:00,5.78,0,1,0.2886536965958074
2015-09-15 15:14:00,4.39,0,1,0.2788826685245981
2015-09-15 15:19:00,3.06,0,1,0.26905523550972704
2015-09-15 15:24:00,4.67,0,1,0.25917307661495614
2015-09-15 15:29:00,5.39,0,1,0.2492379137356317
2015-09-15 15:34:00,5.94,0,1,0.23925151060447158
2015-09-15 15:39:00,1.78,0,1,0.22921567173002935
2015-09-15 15:44:00,7.11,0,1,0.21913224126876443
2015-09-15 15:49:00,3.33,0,1,0.20900310183183268
2015-09-15 15:54:00,5.44,0,1,0.1988301732278756
2015-09-15 15:59:00,4.5,0,1,0.18861541114327443
2015-09-15 16:04:00,6.28,0,1,0.17836080576150423
2015-09-15 16:09:00,5.17,0,1,0.1680683803233955
2015-09-15 16:14:00,8.78,0,1,0.15774018963028777
2015-09-15 16:19:00,5.44,0,1,0.14737831849220942
2015-09-15 16:24:00,6.44,0,1,0.13698488012339893
2015-09-15 16:29:00,9.0,0,1,0.12656201448762236
2015-09-15 16:34:00,4.22,0,1,0.11611188659589991
2015-09-15 16:39:00,6.06,0,1,0.10563668475939837
2015-09-15 16:44:00,7.06,0,1,0.09513861880037594
2015-09-15 16:49:00,4.89,0,1,0.08461991822420364
2015-09-15 16:54:00,1.39,0,1,0.07408283035559822
2015-09-15 16:59:00,5.39,0,1,0.06352961844232043
2015-09-15 17:04:00,1.94,0,1,0.05296255972968717
2015-09-15 17:09:00,3.83,0,1,0.042383943509343026
2015-09-15 17:14:00,5.0,0,1,0.03179606914581307
2015-09-15 17:19:00,5.78,0,1,0.021201244084432504
2015-09-15 17:24:00,10.72,0,1,0.010601781844306461
2015-09-15 17:29:00,10.44,0,0,-0.0011554196895232204
2015-09-15 17:34:00,4.28,0,0,-0.0023105844519470697
2015-09-15 17:39:00,5.39,0,0,-0.0034652395851068685
2015-09-15 17:44:00,3.22,0,0,-0.004619130836285674
2015-09-15 17:49:00,0.61,0,0,-0.005772004625885448
2015-09-15 17:54:00,5.67,0,0,-0.0069236082698389
2015-09-15 18:04:00,5.06,0,0,-0.008073690200348088
2015-09-15 18:09:00,6.28,0,0,-0.009222000184542268
2015-09-15 18:14:00,5.39,0,0,-0.010368289540652734
2015-09-15 18:19:00,2.44,0,0,-0.011512311351311807
2015-09-15 18:24:00,4.67,0,0,-0.012653820673590655
2015-09-15 18:29:00,3.33,0,0,-0.013792574745402618
2015-09-15 18:39:00,2.28,0,0,-0.014928333187908522
2015-09-15 18:44:00,2.06,0,0,-0.016060858203574332
2015-09-15 18:49:00,3.89,0,0,-0.017189914769543724
2015-09-15 18:54:00,1.94,0,0,-0.018315270826004017
2015-09-15 18:59:00,3.33,0,0,-0.019436697459237925
2015-09-15 19:04:00,4.61,0,0,-0.020553969079070478
2015-09-15 19:14:00,5.06,0,0,-0.021666863590437322
2015-09-15 19:24:00,6.94,0,0,-0.02277516255881764
2015-09-15 19:29:00,3.72,0,0,-0.023878651369293964
2015-09-15 19:34:00,1.83,0,0,-0.02497711937901853
2015-09-15 19:44:00,1.67,0,0,-0.026070360062886284
2015-09-15 19:49:00,3.72,0,0,-0.027158171152232565
2015-09-15 19:54:00,3.22,0,0,-0.028240354766394707
2015-09-15 19:59:00,5.83,0,0,-0.029316717536994958
2015-09-15 20:04:00,1.67,0,0,-0.030387070724823294
2015-09-15 20:09:00,2.17,0,0,-0.031451230329218295
2015-09-15 20:14:00,5.28,0,0,-0.03250901718986345
2015-09-15 20:19:00,4.22,0,0,-0.03356025708093718
2015-09-15 20:29:00,1.06,0,0,-0.034604780797573106
2015-09-15 20:34:00,1.17,0,0,-0.03564242423460736
2015-09-15 20:39:00,0.78,0,0,-0.03667302845760808
2015-09-15 20:44:00,1.67,0,0,-0.03769643976620059
2015-09-15 20:49:00,2.28,0,0,-0.038712509749720354
2015-09-15 20:54:00,0.67,0,0,-0.03972109533524246
2015-09-15 20:59:00,4.5,0,0,-0.0407220588280542
2015-09-15 21:04:00,1.28,0,0,-0.04171526794465259
2015-09-15 21:09:00,0.39,0,0,-0.04270059583836511
2015-09-15 21:14:00,0.67,0,0,-0.04367792111770629
2015-09-15 21:19:00,2.33,0,0,-0.04464712785759717
2015-09-15 21:24:00,0.78,0,0,-0.04560810560358785
2015-09-15 21:29:00,2.17,0,0,-0.04656074936923613
2015-09-15 21:34:00,1.94,0,0,-0.0475049596268068
2015-09-15 21:39:00,1.67,0,0,-0.0484406422914668
2015-09-15 21:44:00,1.83,0,0,-0.04936770869916243
2015-09-15 21:59:00,1.67,0,0,-0.05028607557837281
2015-09-15 22:09:00,2.72,0,0,-0.0511956650159429
2015-09-15 22:19:00,0.89,0,0,-0.052096404417206706
2015-09-15 22:24:00,1.56,0,0,-0.052988226460617856
2015-09-15 22:34:00,0.28,0,0,-0.05387106904711034
2015-09-15 22:44:00,0.89,0,0,-0.05474487524441766
2015-09-15 22:59:00,0.67,0,0,-0.055609593226581974
2015-09-15 23:04:00,1.44,0,0,-0.056465176208889044
2015-09-15 23:09:00,0.0,0,0,-0.05731158237846637
2015-09-15 23:19:00,1.44,0,0,-0.058148774820784364
2015-09-15 23:24:00,0.0,0,0,-0.05897672144230128
2015-09-15 23:29:00,1.0,0,0,-0.05979539488949244
2015-09-15 23:34:00,1.0,0,0,-0.06060477246450484
2015-09-15 23:39:00,2.44,0,0,-0.06140483603767599
2015-09-15 23:44:00,0.61,0,0,-0.062195571957155624
2015-09-15 23:49:00,0.89,0,0,-0.06297697095586517
2015-09-15 23:54:00,1.0,0,0,-0.0637490280560285
2015-09-16 00:09:00,0.89,0,0,-0.06451174247150278
2015-09-16 00:14:00,1.06,0,0,-0.06526511750813588
2015-09-16 00:19:00,1.83,0,0,-0.0660091604623712
2015-09-16 00:29:00,3.44,0,0,-0.06674388251831696
2015-09-16 00:34:00,0.0,0,0,-0.06746929864349208
2015-09-16 00:44:00,0.0,0,0,-0.0681854274834541
2015-09-16 00:49:00,0.0,0,0,-0.06889229125551084
2015-09-16 00:54:00,1.17,0,0,-0.0695899156417098
2015-09-16 01:04:00,0.28,0,0,-0.07027832968129397
2015-09-16 01:09:00,0.22,0,0,-0.07095756566280605
2015-09-16 01:14:00,0.61,0,0,-0.07162765901601649
2015-09-16 01:19:00,0.78,0,0,-0.0722886482038439
2015-09-16 01:24:00,0.0,0,0,-0.07294057461442958
2015-09-16 01:29:00,0.0,0,0,-0.07358348245352102
2015-09-16 01:34:00,0.0,0,0,-0.07421741863731166
2015-09-16 01:39:00,1.78,0,0,-0.07484243268587819
2015-09-16 02:04:00,1.67,0,0,-0.075458576617348
2015-09-16 02:09:00,1.67,0,0,-0.07606590484292385
2015-09-16 02:24:00,0.89,0,0,-0.07666447406288462
2015-09-16 02:44:00,0.0,0,0,-0.07725434316367477
2015-09-16 02:49:00,0.61,0,0,-0.07783557311618723
2015-09-16 02:54:00,1.0,0,0,-0.0784082268753388
2015-09-16 02:59:00,0.78,0,0,-0.07897236928102916
2015-09-16 03:04:00,1.28,0,0,-0.07952806696056884
2015-09-16 03:14:00,1.17,0,0,-0.08007538823265437
2015-09-16 03:19:00,0.78,0,0,-0.08061440301296266
2015-09-16 03:29:00,0.89,0,0,-0.0811451827214307
2015-09-16 03:34:00,0.0,0,0,-0.0816678001912799
2015-09-16 03:39:00,1.94,0,0,-0.08218232957983927
2015-09-16 03:44:00,1.17,0,0,-0.08268884628121538
2015-09-16 03:49:00,0.28,0,0,-0.08318742684085173
2015-09-16 03:54:00,1.06,0,0,-0.08367814887201466
2015-09-16 03:59:00,3.44,0,0,-0.08416109097423798
2015-09-16 04:09:00,0.22,0,0,-0.08463633265375334
2015-09-16 04:14:00,1.78,0,0,-0.08510395424592877
2015-09-16 04:29:00,1.94,0,0,-0.08556403683973303
2015-09-16 04:34:00,3.33,0,0,-0.08601666220423937
2015-09-16 04:44:00,0.78,0,0,-0.08646191271717787
2015-09-16 04:49:00,0.67,0,0,-0.08689987129554173
2015-09-16 05:09:00,3.89,0,0,-0.08733062132824908
2015-09-16 05:14:00,6.44,0,0,-0.08775424661085826
2015-09-16 05:19:00,6.33,0,0,-0.0881708312823315
2015-09-16 05:24:00,6.56,0,0,-0.08858045976383823
2015-09-16 05:29:00,13.5,1,0,-0.08898321669958657
2015-09-16 05:39:00,4.0,0,0,-0.08937918689966917
2015-09-16 05:44:00,5.83,0,0,-0.0897684552849059
2015-09-16 05:49:00,8.78,0,0,-0.09015110683366481
2015-09-16 05:54:00,9.06,0,0,-0.09052722653063937
2015-09-16 05:59:00,8.5,0,0,-0.09089689931755865
2015-09-16 06:04:00,9.17,0,0,-0.09126021004580481
2015-09-16 06:09:00,11.5,1,0,-0.09161724343091085
2015-09-16 06:14:00,10.83,1,0,-0.09196808400890949
2015-09-16 06:19:00,12.22,1,0,-0.09231281609450302
2015-09-16 06:24:00,17.56,1,0,-0.09265152374102263
2015-09-16 06:29:00,13.28,1,0,-0.09298429070214412
2015-09-16 06:34:00,16.11,1,0,-0.09331120039532642
2015-09-16 06:39:00,11.06,0,0,-0.09363233586693796
2015-09-16 06:44:00,14.78,1,0,-0.0939477797590356
2015-09-16 06:49:00,10.44,0,0,-0.09425761427775937
2015-09-16 06:54:00,11.83,0,0,-0.09456192116330697
2015-09-16 06:59:00,14.67,1,0,-0.09486078166144984
2015-09-16 07:04:00,17.17,1,0,-0.09515427649655402
2015-09-16 07:09:00,14.67,1,0,-0.09544248584606699
2015-09-16 07:14:00,10.44,0,0,-0.09572548931643313
2015-09-16 07:19:00,17.56,1,0,-0.09600336592039893
2015-09-16 07:24:00,11.22,0,0,-0.09627619405566999
2015-09-16 07:29:00,10.17,0,0,-0.09654405148488153
2015-09-16 07:34:00,12.22,0,0,-0.0968070153168439
2015-09-16 07:39:00,8.0,0,0,-0.09706516198902576
2015-09-16 07:44:00,18.67,1,0,-0.0973185672512365
2015-09-16 07:49:00,8.89,0,0,-0.09756730615047073
2015-09-16 07:54:00,10.28,0,0,-0.09781145301687774
2015-09-16 07:59:00,15.83,0,0,-0.09805108145081906
2015-09-16 08:04:00,12.61,0,0,-0.09828626431097759
2015-09-16 08:09:00,5.28,0,0,-0.09851707370348278
2015-09-16 08:14:00,13.0,0,0,-0.09874358097201613
2015-09-16 08:19:00,8.11,0,0,-0.09896585668886229
2015-09-16 08:24:00,7.72,0,0,-0.09918397064687133
2015-09-16 08:29:00,7.61,0,0,-0.0993979918522985
2015-09-16 08:34:00,5.94,0,0,-0.09960798851848848
2015-09-16 08:39:00,8.11,0,0,-0.09981402806037121
2015-09-16 08:44:00,8.22,0,0,-0.10001617708973778
2015-09-16 08:49:00,4.39,0,0,-0.1002145014112652
2015-09-16 08:54:00,6.72,0,0,-0.10040906601925903
2015-09-16 08:59:00,5.56,0,0,-0.10059993509508461
2015-09-16 09:04:00,6.17,0,0,-0.10078717200525726
2015-09-16 09:09:00,4.0,0,0,-0.10097083930016319
2015-09-16 09:14:00,6.17,0,0,-0.10115099871338326
2015-09-16 09:19:00,2.72,1,0,-0.1013277111615925
2015-09-16 09:24:00,8.67,0,0,-0.10150103674500907
2015-09-16 09:29:00,3.61,0,0,-0.10167103474836688
2015-09-16 09:34:00,9.28,0,0,-0.10183776364238717
2015-09-16 09:39:00,5.67,0,0,-0.10200128108572437
2015-09-16 09:49:00,3.33,0,0,-0.102161643927363
2015-09-16 09:54:00,6.44,0,0,-0.10231890820944274
2015-09-16 09:59:00,3.72,0,0,-0.10247312917048913
2015-09-16 10:04:00,1.67,1,0,-0.1026243612490289
2015-09-16 10:09:00,3.33,0,0,-0.10277265808756872
2015-09-16 10:14:00,2.17,0,0,-0.10291807253691726
2015-09-16 10:19:00,6.56,0,0,-0.10306065666083129
2015-09-16 10:24:00,4.39,0,0,-0.10320046174096657
2015-09-16 10:29:00,3.33,0,0,-0.1033375382821156
2015-09-16 10:34:00,2.67,0,0,-0.10347193601771451
2015-09-16 10:39:00,1.67,0,0,-0.1036037039156021
2015-09-16 10:44:00,8.67,0,0,-0.1037328901840146
2015-09-16 10:49:00,3.5,0,0,-0.10385954227780045
2015-09-16 10:54:00,3.61,0,0,-0.10398370690483977
2015-09-16 10:59:00,4.78,0,0,-0.10410543003265393
2015-09-16 11:04:00,2.06,0,0,-0.10422475689519115
2015-09-16 11:09:00,3.5,0,0,-0.10434173199977433
2015-09-16 11:14:00,6.06,0,0,-0.10445639913419853
2015-09-16 11:24:00,3.06,0,0,-0.10456880137396513
2015-09-16 11:29:00,1.44,0,0,-0.10467898108964077
2015-09-16 11:34:00,1.39,0,0,-0.10478697995432991
2015-09-16 11:39:00,2.17,0,0,-0.10489283895124932
2015-09-16 11:44:00,5.39,0,0,-0.10499659838139441
2015-09-16 11:49:00,1.94,0,0,-0.10509829787128715
2015-09-16 11:54:00,2.17,0,0,-0.10519797638079575
2015-09-16 11:59:00,2.17,0,0,-0.10529567221101696
2015-09-16 12:04:00,4.11,0,0,-0.10539142301221203
2015-09-16 12:09:00,4.28,0,0,-0.10548526579178806
2015-09-16 12:14:00,1.67,0,0,-0.10557723692231641
2015-09-16 12:19:00,6.44,0,0,-0.1056673721495807
2015-09-16 12:24:00,3.5,0,0,-0.1057557066006469
2015-09-16 12:29:00,4.67,0,0,-0.1058422747919487
2015-09-16 12:34:00,2.94,0,0,-0.10592711063738137
2015-09-16 12:39:00,2.72,0,0,-0.10601024745639799
2015-09-16 12:44:00,2.17,0,0,-0.10609171798210176
2015-09-16 12:49:00,1.67,0,0,-0.10617155436932915
2015-09-16 12:54:00,4.22,0,0,-0.10624978820271803
2015-09-16 12:59:00,2.33,0,0,-0.10632645050475613
2015-09-16 13:04:00,2.33,0,0,-0.1064015717438047
2015-09-16 13:09:00,1.67,0,0,-0.10647518184209291
2015-09-16 13:14:00,4.89,0,0,-0.10654731018367881
2015-09-16 13:19:00,2.56,0,0,-0.10661798562237267
2015-09-16 13:24:00,4.22,0,0,-0.10668723648961889
2015-09-16 13:29:00,2.56,0,0,-0.10675509060233312
2015-09-16 13:34:00,1.67,0,0,-0.10682157527069082
2015-09-16 13:39:00,6.17,0,0,-0.10688671730586458
2015-09-16 13:44:00,1.83,0,0,-0.10695054302770697
2015-09-16 13:54:00,4.28,0,0,-0.10701307827237624
2015-09-16 13:59:00,3.5,0,0,-0.10707434839990229
2015-09-16 14:04:00,2.94,0,0,-0.10713437830169062
2015-09-16 14:09:00,8.0,0,0,-0.10719319240796203
2015-09-16 14:14:00,3.44,0,0,-0.10725081469512589
2015-09-16 14:19:00,3.83,0,0,-0.10730726869308532
2015-09-16 14:24:00,6.83,0,0,-0.10736257749247236
2015-09-16 14:29:00,5.94,0,0,-0.10741676375181167
2015-09-16 14:30:00,2.94,0,0,-0.10746984970461122
2015-09-16 14:35:00,1.44,0,0,-0.10752185716637888
2015-09-16 14:40:00,4.5,0,0,-0.10757280754156319
2015-09-16 14:50:00,1.39,0,0,-0.10762272183041799
2015-09-16 14:55:00,4.11,0,0,-0.10767162063578939
2015-09-16 15:00:00,1.17,0,0,-0.10771952416982433
2015-09-16 15:05:00,5.28,0,0,-0.10776645226060033
2015-09-16 15:10:00,4.11,0,0,-0.1078124243586753
2015-09-16 15:15:00,2.83,0,0,-0.10785745954355733
2015-09-16 15:20:00,1.83,0,0,-0.1079015765300936
2015-09-16 15:25:00,4.89,0,0,-0.10794479367477841
2015-09-16 15:30:00,3.61,0,0,-0.10798712898197979
2015-09-16 15:35:00,2.17,0,0,-0.10802860011008462
2015-09-16 15:40:00,5.78,0,0,-0.10806922437756197
2015-09-16 15:45:00,7.5,0,0,-0.10810901876894491
2015-09-16 15:50:00,6.06,0,0,-0.10814799994073039
2015-09-16 15:55:00,1.06,0,0,-0.10818618422719757
2015-09-16 16:00:00,8.67,0,0,-0.10822358764614458
2015-09-16 16:05:00,4.11,0,0,-0.10826022590454393
2015-09-16 16:10:00,4.28,0,0,-0.10829611440411673
2015-09-16 16:15:00,3.06,0,0,-0.10833126824682614
2015-09-16 16:20:00,6.06,0,0,-0.10836570224029028
2015-09-16 16:25:00,5.83,0,0,-0.10839943090311498
2015-09-16 16:30:00,2.44,0,0,-0.10843246847014673
2015-09-16 16:35:00,2.28,0,0,-0.10846482889764651
2015-09-16 16:40:00,4.61,0,0,-0.10849652586838461
2015-09-16 16:45:00,5.56,0,0,-0.10852757279665734
2015-09-16 16:55:00,5.83,0,0,-0.10855798283322587
2015-09-16 17:00:00,3.11,0,0,-0.10858776887017815
2015-09-16 17:05:00,3.89,0,0,-0.10861694354571393
2015-09-16 17:10:00,2.83,0,0,-0.10864551924885424
2015-09-16 17:15:00,3.44,0,0,-0.10867350812407536
2015-09-16 17:20:00,2.44,0,0,-0.10870092207586837
2015-09-16 17:25:00,1.44,0,0,-0.10872777277322475
2015-09-16 17:30:00,5.56,0,0,-0.10875407165404878
2015-09-16 17:35:00,4.78,0,0,-0.10877982992949765
2015-09-16 17:45:00,3.61,0,0,-0.10880505858824978
2015-09-16 17:50:00,1.39,0,0,-0.10882976840070217
2015-09-16 17:55:00,0.67,0,0,-0.10885396992309772
2015-09-16 18:00:00,5.94,0,0,-0.10887767350158314
2015-09-16 18:05:00,3.83,0,0,-0.1089008892761983
2015-09-16 18:10:00,4.61,0,0,-0.10892362718479771
2015-09-16 18:15:00,5.83,0,0,-0.1089458969669052
2015-09-16 18:20:00,4.0,0,0,-0.10896770816750229
2015-09-16 18:30:00,5.94,0,0,-0.10898907014075142
2015-09-16 18:35:00,1.83,0,0,-0.1090099920536545
2015-09-16 18:40:00,1.94,0,0,-0.1090304828896479
2015-09-16 18:45:00,1.83,0,0,-0.1090505514521345
2015-09-16 18:50:00,2.72,0,0,-0.10907020636795398
2015-09-16 18:55:00,3.11,0,0,-0.10908945609079156
2015-09-16 19:00:00,4.89,0,0,-0.10910830890452673
2015-09-16 19:05:00,0.89,0,0,-0.10912677292652234
2015-09-16 19:10:00,2.33,0,0,-0.10914485611085505
2015-09-16 19:15:00,1.56,0,0,-0.1091625662514879
2015-09-16 19:20:00,2.72,0,0,-0.10917991098538599
2015-09-16 19:25:00,2.83,0,0,-0.10919689779557583
2015-09-16 19:30:00,2.33,0,0,-0.10921353401414947
2015-09-16 19:35:00,2.83,0,0,-0.10922982682521408
2015-09-16 19:40:00,3.06,0,0,-0.10924578326778772
2015-09-16 19:45:00,6.44,0,0,-0.10926141023864233
2015-09-16 19:50:00,1.56,0,0,-0.10927671449509452
2015-09-16 19:55:00,4.39,0,0,-0.10929170265774515
2015-09-16 20:00:00,1.39,0,0,-0.10930638121316844
2015-09-16 20:05:00,4.11,0,0,-0.10932075651655118
2015-09-16 20:10:00,1.44,0,0,-0.10933483479428333
2015-09-16 20:15:00,1.56,0,0,-0.10934862214650012
2015-09-16 20:20:00,4.67,0,0,-0.10936212454957715
2015-09-16 20:25:00,0.67,0,0,-0.1093753478585786
2015-09-16 20:30:00,5.67,0,0,-0.10938829780965967
2015-09-16 20:35:00,2.67,0,0,-0.10940098002242406
2015-09-16 20:40:00,1.28,0,0,-0.10941340000223682
2015-09-16 20:45:00,2.06,0,0,-0.10942556314249387
2015-09-16 20:50:00,2.72,0,0,-0.10943747472684842
2015-09-16 20:55:00,3.89,0,0,-0.10944913993139528
2015-09-16 21:00:00,1.06,0,0,-0.10946056382681377
2015-09-16 21:15:00,2.44,0,0,-0.1094717513804697
2015-09-16 21:20:00,1.44,0,0,-0.10948270745847753
2015-09-16 21:30:00,2.44,0,0,-0.10949343682772289
2015-09-16 21:35:00,4.39,0,0,-0.10950394415784657
2015-09-16 21:40:00,1.56,0,0,-0.10951423402319044
2015-09-16 21:45:00,1.94,0,0,-0.10952431090470591
2015-09-16 21:50:00,3.61,0,0,-0.10953417919182583
2015-09-16 21:55:00,1.28,0,0,-0.10954384318430013
2015-09-16 21:59:00,1.44,0,0,-0.10955330709399623
2015-09-16 22:05:00,0.0,0,0,-0.10956257504666432
2015-09-16 22:10:00,1.83,0,0,-0.1095716510836689
2015-09-16 22:14:00,0.67,0,0,-0.10958053916368621
2015-09-16 22:20:00,0.39,0,0,-0.10958924316436913
2015-09-16 22:25:00,1.67,0,0,-0.1095977668839794
2015-09-16 22:30:00,1.0,0,0,-0.1096061140429881
2015-09-16 22:35:00,2.06,0,0,-0.109614288285645
2015-09-16 22:40:00,0.39,0,0,-0.10962229318151705
2015-09-16 22:45:00,0.0,0,0,-0.10963013222699698
2015-09-16 23:00:00,0.61,0,0,-0.10963780884678208
2015-09-16 23:05:00,0.0,0,0,-0.10964532639532422
2015-09-16 23:10:00,0.28,0,0,-0.10965268815825124
2015-09-16 23:15:00,0.5,0,0,-0.10965989735376039
2015-09-16 23:20:00,0.0,0,0,-0.10966695713398432
2015-09-16 23:40:00,0.0,0,0,-0.1096738705863302
2015-09-16 23:45:00,0.0,0,0,-0.10968064073479235
2015-09-16 23:50:00,0.39,0,0,-0.1096872705412389
2015-09-17 00:00:00,1.94,0,0,-0.10969376290667308
2015-09-17 00:10:00,1.56,0,0,-0.10970012067246943
2015-09-17 00:15:00,2.28,0,0,-0.1097063466215856
2015-09-17 00:25:00,0.39,0,0,-0.10971244347974994
2015-09-17 00:50:00,0.39,0,0,-0.10971841391662572
2015-09-17 00:59:00,2.28,0,0,-0.10972426054695203
2015-09-17 01:05:00,1.94,0,0,-0.1097299859316619
2015-09-17 01:15:00,1.06,0,0,-0.10973559257897847
2015-09-17 01:25:00,0.0,0,0,-0.10974108294548883
2015-09-17 01:40:00,0.0,0,0,-0.10974645943719687
2015-09-17 01:45:00,1.06,0,0,-0.10975172441055475
2015-09-17 01:50:00,0.67,0,0,-0.10975688017347397
2015-09-17 01:55:00,0.0,0,0,-0.10976192898631612
2015-09-17 02:00:00,0.0,0,0,-0.10976687306286376
2015-09-17 02:05:00,1.28,0,0,-0.10977171457127184
2015-09-17 02:15:00,0.67,0,0,-0.1097764556350001
2015-09-17 02:20:00,1.0,0,0,-0.1097810983337267
2015-09-17 02:25:00,0.67,0,0,-0.10978564470424348
2015-09-17 02:35:00,0.89,0,0,-0.10979009674133323
2015-09-17 02:40:00,0.0,0,0,-0.10979445639862936
2015-09-17 02:45:00,2.06,0,0,-0.10979872558945815
2015-09-17 02:50:00,0.0,0,0,-0.10980290618766414
2015-09-17 02:55:00,0.5,0,0,-0.10980700002841881
2015-09-17 03:00:00,0.0,0,0,-0.10981100890901296
2015-09-17 03:05:00,1.83,0,0,-0.10981493458963314
2015-09-17 03:10:00,2.56,0,0,-0.10981877879412225
2015-09-17 03:15:00,0.0,0,0,-0.10982254321072497
2015-09-17 03:20:00,0.39,0,0,-0.10982622949281798
2015-09-17 03:30:00,0.89,0,0,-0.10982983925962536
2015-09-17 03:35:00,2.28,0,0,-0.10983337409691968
2015-09-17 03:40:00,0.0,0,0,-0.10983683555770869
2015-09-17 03:45:00,0.89,0,0,-0.10984022516290821
2015-09-17 03:50:00,0.0,0,0,-0.10984354440200132
2015-09-17 03:55:00,0.28,0,0,-0.10984679473368428
2015-09-17 04:00:00,0.0,0,0,-0.10984997758649906
2015-09-17 04:05:00,0.0,0,0,-0.10985309435945337
2015-09-17 04:10:00,0.28,0,0,-0.10985614642262785
2015-09-17 04:15:00,3.33,0,0,-0.10985913511777103
2015-09-17 04:20:00,0.78,0,0,-0.10986206175888205
2015-09-17 04:25:00,1.39,0,0,-0.10986492763278172
2015-09-17 04:30:00,0.89,0,0,-0.10986773399967178
2015-09-17 04:35:00,5.28,0,0,-0.10987048209368283
2015-09-17 04:40:00,1.83,0,0,-0.10987317312341113
2015-09-17 04:45:00,2.83,0,0,-0.10987580827244438
2015-09-17 04:50:00,2.28,0,0,-0.1098783886998768
2015-09-17 04:55:00,2.28,0,0,-0.1098809155408138
2015-09-17 05:00:00,1.83,0,0,-0.10988338990686615
2015-09-17 05:05:00,3.33,0,0,-0.10988581288663424
2015-09-17 05:10:00,4.67,0,0,-0.10988818554618233
2015-09-17 05:15:00,1.28,0,0,-0.10989050892950324
2015-09-17 05:20:00,3.89,0,0,-0.10989278405897329
2015-09-17 05:25:00,6.56,0,0,-0.10989501193579831
2015-09-17 05:30:00,7.44,0,0,-0.10989719354045012
2015-09-17 05:35:00,7.06,0,0,-0.10989932983309442
2015-09-17 05:40:00,7.61,0,0,-0.10990142175400963
2015-09-17 05:45:00,5.56,0,0,-0.10990347022399745
2015-09-17 05:50:00,7.5,0,0,-0.10990547614478474
2015-09-17 05:55:00,7.72,0,0,-0.10990744039941733
2015-09-17 06:00:00,14.06,1,0,-0.10990936385264566
2015-09-17 06:05:00,11.06,1,0,-0.10991124735130263
2015-09-17 06:10:00,8.61,0,0,-0.10991309172467355
2015-09-17 06:15:00,16.33,1,0,-0.10991489778485865
2015-09-17 06:20:00,13.28,1,0,-0.10991666632712804
2015-09-17 06:25:00,16.61,1,0,-0.10991839813026943
2015-09-17 06:30:00,14.44,1,0,-0.10992009395692871
2015-09-17 06:35:00,16.78,1,0,-0.10992175455394353
2015-09-17 06:40:00,18.17,1,0,-0.10992338065266999
2015-09-17 06:45:00,14.67,1,0,-0.10992497296930274
2015-09-17 06:50:00,16.78,1,0,-0.10992653220518833
2015-09-17 06:55:00,8.89,0,0,-0.10992805904713224
2015-09-17 07:00:00,10.83,0,0,-0.10992955416769952
2015-09-17 07:05:00,8.5,0,0,-0.10993101822550938
2015-09-17 07:10:00,1.28,0,0,-0.10993245186552351
2015-09-17 07:15:00,2.83,0,0,-0.10993385571932865
2015-09-17 07:20:00,16.78,1,0,-0.10993523040541328
2015-09-17 07:25:00,8.11,0,0,-0.10993657652943853
2015-09-17 07:30:00,1.28,0,0,-0.10993789468450371
2015-09-17 07:35:00,5.39,0,0,-0.1099391854514062
2015-09-17 07:40:00,19.17,1,0,-0.10994044939889597
2015-09-17 07:45:00,6.67,0,0,-0.10994168708392506
2015-09-17 07:50:00,8.11,0,0,-0.10994289905189167
2015-09-17 07:55:00,9.39,0,0,-0.10994408583687942
2015-09-17 08:00:00,12.89,0,0,-0.10994524796189155
2015-09-17 08:05:00,8.67,0,0,-0.10994638593908031
2015-09-17 08:10:00,6.94,0,0,-0.10994750026997169
2015-09-17 08:15:00,12.72,0,0,-0.10994859144568549
2015-09-17 08:20:00,8.67,0,0,-0.10994965994715072
2015-09-17 08:25:00,6.06,0,0,-0.10995070624531683
2015-09-17 08:30:00,4.0,0,0,-0.10995173080136023
2015-09-17 08:35:00,8.78,0,0,-0.10995273406688688
2015-09-17 08:40:00,6.83,0,0,-0.10995371648413052
2015-09-17 08:45:00,5.78,0,0,-0.10995467848614676
2015-09-17 08:50:00,6.06,0,0,-0.1099556204970034
2015-09-17 08:55:00,4.61,0,0,-0.10995654293196647
2015-09-17 09:00:00,3.22,0,0,-0.10995744619768277
2015-09-17 09:05:00,4.22,0,0,-0.10995833069235847
2015-09-17 09:10:00,13.39,0,0,-0.10995919680593393
2015-09-17 09:15:00,6.28,0,0,-0.10996004492025517
2015-09-17 09:20:00,9.56,0,0,-0.10996087540924154
2015-09-17 09:25:00,12.39,0,0,-0.1099616886390501
2015-09-17 09:30:00,2.33,0,0,-0.10996248496823645
2015-09-17 09:35:00,5.0,0,0,-0.10996326474791238
2015-09-17 09:40:00,6.56,0,0,-0.10996402832190019
2015-09-17 09:45:00,4.67,0,0,-0.10996477602688386
2015-09-17 09:50:00,2.94,0,0,-0.10996550819255693
2015-09-17 09:55:00,6.17,0,0,-0.10996622514176764
2015-09-17 10:00:00,1.0,0,0,-0.10996692719066074
2015-09-17 10:05:00,7.11,0,0,-0.10996761464881653
2015-09-17 10:10:00,3.61,0,0,-0.10996828781938711
2015-09-17 10:15:00,3.22,0,0,-0.10996894699922953
2015-09-17 10:20:00,7.61,0,0,-0.10996959247903651
2015-09-17 10:25:00,3.06,0,0,-0.1099702245434642
2015-09-17 10:30:00,2.06,0,0,-0.10997084347125743
2015-09-17 10:35:00,5.83,0,0,-0.10997144953537241
2015-09-17 10:40:00,4.22,0,0,-0.10997204300309665
2015-09-17 10:45:00,4.5,0,0,-0.10997262413616675
2015-09-17 10:50:00,4.5,0,0,-0.1099731931908834
2015-09-17 10:55:00,1.44,0,0,-0.10997375041822428
2015-09-17 11:05:00,0.67,0,0,-0.10997429606395448
2015-09-17 11:10:00,5.56,0,0,-0.10997483036873462
2015-09-17 11:15:00,2.56,0,0,-0.10997535356822676
2015-09-17 11:20:00,3.33,0,0,-0.1099758658931982
2015-09-17 11:25:00,3.61,0,0,-0.10997636756962303
2015-09-17 11:30:00,5.78,0,0,-0.10997685881878154
2015-09-17 11:35:00,5.17,0,0,-0.1099773398573577
2015-09-17 11:40:00,6.56,0,0,-0.10997781089753456
2015-09-17 11:45:00,3.72,0,0,-0.10997827214708757
2015-09-17 11:50:00,2.28,0,0,-0.10997872380947621
2015-09-17 11:55:00,5.39,0,0,-0.10997916608393342
2015-09-17 12:00:00,2.06,0,0,-0.10997959916555348
2015-09-17 12:05:00,4.78,0,0,-0.1099800232453778
2015-09-17 12:10:00,5.94,0,0,-0.1099804385104791
2015-09-17 12:15:00,3.83,0,0,-0.1099808451440438
2015-09-17 12:20:00,3.22,0,0,-0.10998124332545269
2015-09-17 12:25:00,6.94,0,0,-0.10998163323035993
2015-09-17 12:30:00,1.0,0,0,-0.10998201503077046
2015-09-17 12:35:00,1.83,0,0,-0.10998238889511566
2015-09-17 12:40:00,3.5,0,0,-0.10998275498832769
2015-09-17 12:45:00,2.56,0,0,-0.10998311347191199
2015-09-17 12:50:00,3.83,0,0,-0.10998346450401858
2015-09-17 12:55:00,5.0,0,0,-0.10998380823951158
2015-09-17 13:00:00,3.06,0,0,-0.10998414483003757
2015-09-17 13:05:00,1.28,0,0,-0.10998447442409234
2015-09-17 13:10:00,2.33,0,0,-0.1099847971670863
2015-09-17 13:15:00,2.44,0,0,-0.1099851132014086
2015-09-17 13:20:00,5.06,0,0,-0.10998542266648981
2015-09-17 13:25:00,2.83,0,0,-0.10998572569886343
2015-09-17 13:30:00,4.89,0,0,-0.10998602243222601
2015-09-17 13:35:00,1.56,0,0,-0.10998631299749606
2015-09-17 13:40:00,2.67,0,0,-0.10998659752287178
2015-09-17 13:45:00,2.17,0,0,-0.10998687613388752
2015-09-17 13:50:00,5.67,0,0,-0.10998714895346912
2015-09-17 13:55:00,2.06,0,0,-0.1099874161019881
2015-09-17 14:00:00,3.83,0,0,-0.10998767769731473
2015-09-17 14:05:00,5.94,0,0,-0.1099879338548699
2015-09-17 14:10:00,3.89,0,0,-0.10998818468767604
2015-09-17 14:15:00,5.06,0,0,-0.10998843030640704
2015-09-17 14:20:00,6.94,0,0,-0.10998867081943685
2015-09-17 14:25:00,0.0,0,0,-0.10998890633288737
2015-09-17 14:30:00,5.39,0,0,-0.10998913695067522
2015-09-17 14:34:00,4.67,0,0,-0.10998936277455751
2015-09-17 14:39:00,5.67,0,0,-0.10998958390417674
2015-09-17 14:44:00,6.06,0,0,-0.10998980043710468
2015-09-17 14:49:00,7.22,0,0,-0.10999001246888546
2015-09-17 14:54:00,2.94,0,0,-0.10999022009307761
2015-09-17 14:58:00,3.06,0,0,-0.10999042340129538
2015-09-17 15:04:00,3.44,0,0,-0.10999062248324903
2015-09-17 15:08:00,3.89,0,0,-0.10999081742678453
2015-09-17 15:13:00,2.56,0,0,-0.10999100831792219
2015-09-17 15:18:00,2.72,0,0,-0.10999119524089458
2015-09-17 15:23:00,6.28,0,0,-0.10999137827818375
2015-09-17 15:28:00,2.83,0,0,-0.10999155751055753
2015-09-17 15:34:00,4.11,0,0,-0.10999173301710514
2015-09-17 15:38:00,5.78,0,0,-0.10999190487527215
2015-09-17 15:43:00,7.89,0,0,-0.10999207316089453
2015-09-17 15:48:00,4.22,0,0,-0.10999223794823214
2015-09-17 15:49:00,2.83,0,0,-0.10999239931000149
2015-09-17 15:54:00,4.5,0,0,-0.10999255731740779
2015-09-17 15:59:00,11.11,0,0,-0.10999271204017631
2015-09-17 16:04:00,9.28,0,0,-0.10999286354658325
2015-09-17 16:09:00,5.06,0,0,-0.10999301190348569
2015-09-17 16:14:00,3.44,0,0,-0.1099931571763512
2015-09-17 16:19:00,8.5,0,0,-0.10999329942928666
2015-09-17 16:24:00,5.56,0,0,-0.10999343872506655
